fichiers_photo,label_num,classe
uq1qcV5kf36rjB1TP1GCLg.jpg,2,interior
ZW5jolpNvcUp-9WTDvflzA.jpg,0,drink
IGXvDVk-jO-Gf2kJSK430Q.jpg,0,drink
4jYV6b64iMhduZHP-gt--Q.jpg,0,drink
708W7D3giVuge7Qh38BHVQ.jpg,3,outside
-96d5UiuNX1Xq5zYFBI5CQ.jpg,0,drink
5R7naBszwQJsm3ZwF1kaXQ.jpg,2,interior
D8mLMDUyvH1bcfQPD8D5rQ.jpg,0,drink
QiTyb5xDexjobA4LgzyN1g.jpg,2,interior
NyphiLrF7DWVHVJQ0t3pDw.jpg,3,outside
HgBR6tVQGctfCDONheqOVw.jpg,2,interior
2Ppc89U_-9JogQatSKtREA.jpg,2,interior
SVoQvDCmsbeiMgEepMS_qA.jpg,0,drink
yKagA8VJpPxFbzPz_XdnuA.jpg,0,drink
V2tvYxA9v9rmxOykDvO8jg.jpg,0,drink
Y6Mdz06hyg_ZVg93_AM8ow.jpg,3,outside
Hqx_pSzOwMEX8-DT0H6xvg.jpg,2,interior
zLMDeAQNm2B6P6wiYGwHoA.jpg,3,outside
8bVG9R538LNjMmdWZTgKSQ.jpg,3,outside
h0FjsJv9vkhVOiFT9nRpBA.jpg,2,interior
ePpM5KHp6CpE5g9Q8G4ffw.jpg,0,drink
1-Zd3pYLBLjMRFotw1WtUg.jpg,0,drink
xTFthlVf09hwU8UA4W8MIA.jpg,2,interior
HHGLJD0n96w1oG-so3x1Pg.jpg,0,drink
CDMKcYjCMXZSrUdQ3_W8FQ.jpg,0,drink
7FRYZeXE9II48_VfprBa3A.jpg,0,drink
Jg0nyMNLttaSAHjShbFbkQ.jpg,0,drink
p4I0UbIgLxj-DRr_J5_HYA.jpg,0,drink
32TlyMUywPxitZvvAjJCKA.jpg,0,drink
OVnlAxI6BpKibFIHa3aL8w.jpg,0,drink
YA7aQvqqnoPOm3pNxbPKEQ.jpg,0,drink
mnEu4CfJIOnmo5bSH7CTSQ.jpg,0,drink
-ZNYvjegsoiVvDyeuicNFg.jpg,3,outside
q8diKDltzvhdJUOPxvv9LQ.jpg,0,drink
VDSJfxqFFamvPq__zYaDzA.jpg,0,drink
h_vvfR8iyKHUZG6KJ-AOhA.jpg,0,drink
pLH0PZsbV58aiQ-0Q_nVeA.jpg,4,food
KTipxR-WWJhmlNO8D-Mqcg.jpg,0,drink
WUYcUHn6k-sevh6Stxz0Ow.jpg,1,menu
n1I9n8uOktS4e0PirzXo2Q.jpg,2,interior
2ngYVCBETUcE4x3JJS8PzA.jpg,0,drink
SoMBx8OxHGrUoDgBn3bP8w.jpg,0,drink
vQ7AyP_G7OOIfvu-Gly1oQ.jpg,0,drink
ZJDjBYmLy-FJFI1W2iUM3g.jpg,4,food
fHCSx8okKzH6CGPHrRogkA.jpg,4,food
zBL7mp6H-Fg7LLqmbj_73A.jpg,0,drink
gniRxYjbSMOjFR-aenAykA.jpg,0,drink
eJbPOo4k51XgtGxR2xJ5Dg.jpg,3,outside
rT7zsclGwdE_n31Nb4WRAg.jpg,0,drink
xGYY6hA8hycSK9b3SCB8pw.jpg,0,drink
tkuI3mAKf5qGqANh--DJGA.jpg,3,outside
XUA0Gx5tcU-edmPW7vPT8A.jpg,0,drink
CqvLiJeSvu9-xr8TuJ9USg.jpg,3,outside
xsZbVbv425tzZNuCtmZcAA.jpg,0,drink
lgs-kwhIrECn-dtEE433kw.jpg,0,drink
3a90GNd97zItjpdya87viw.jpg,0,drink
RrYc6tE1F_HlLnLUOAMG6g.jpg,3,outside
VtXsyZ-npvA4i4zVtxEYww.jpg,0,drink
SOb4XfKCoDnulibzSO23YA.jpg,0,drink
mxnRexGy9h8fFz5vp6VyTg.jpg,3,outside
trodlvWOFV-T7LODeIVVHA.jpg,0,drink
zSo894uRFCQi6irJKQYJLQ.jpg,0,drink
1qkIsPqoeqNkmm1GQ7U66g.jpg,4,food
HaBJuzGaoaY_3ynnnLBSNg.jpg,2,interior
2UL5PEzvxl-nmhjRPfDM8Q.jpg,0,drink
Ke3PuIvNHDjvQoL5f83Fag.jpg,0,drink
_6rUkQSSd5I7rl9TPxt0QQ.jpg,4,food
OSbIYT9y0vlYuC_8lL7N6A.jpg,0,drink
ezyqyTTxvCtXvQZ4B0r2oQ.jpg,0,drink
GJg9HgSyGHWW3VJB5qRN3g.jpg,2,interior
RRkfPchdyUshwzZvIVtXfA.jpg,0,drink
sQpbfkPTEl0QIJZ2Jtzkeg.jpg,0,drink
0XKH7GUKXeCr3-nLRCko7w.jpg,0,drink
FUytC0uZawNc1Qvf_-Aolw.jpg,1,menu
F-Scxzg1sxTC5kDjvqPsIg.jpg,0,drink
yciQWzISIczdvItNObAVMg.jpg,0,drink
mcsPyFW8IILXwkSYxQdCWg.jpg,3,outside
_Pf2IK6sBVr9EtaCATepTA.jpg,0,drink
CmG9VAF4qC8UjVlIejgzQg.jpg,2,interior
5B7poh3_R-AVCCJvPho8Fw.jpg,0,drink
0QH1kqtUDe19mCcqXt0SBg.jpg,0,drink
C1aA-2YVkwVTKXM5lCcdww.jpg,0,drink
TGOjqwyRTy_bKsbZ9k8aDw.jpg,0,drink
J4IUGFAeiowD3_ZE-v7G2g.jpg,0,drink
aWNr58nUdCpUPndcuRu09g.jpg,4,food
I7MrImp1SDymTV_bJpiKiw.jpg,0,drink
z3h-2oadOV1aKcbHMOtdhg.jpg,0,drink
9y5G25iP6BV8he7TsVnO_w.jpg,0,drink
wiqroqQ0OaG1mYnCwsmpSw.jpg,0,drink
7luWBu43fUP7h4kBe0Ulfg.jpg,2,interior
Ruyd8ymKZ4yoA3xIlqts0A.jpg,0,drink
v6UK2N_1IQny-g2-xeEilg.jpg,0,drink
G1y8vDDap5bfMM8uozzBUQ.jpg,0,drink
AKZqx-BObNAPKKTW0OsOuQ.jpg,2,interior
WTuab_8wo2ki5meLyBILDQ.jpg,4,food
BDvTjxQ36YVkL1ZXND255Q.jpg,0,drink
EVI2kCGPyhYaL4GMbjVgNg.jpg,0,drink
LOt5ADZLCUgwS_k9c1XWiw.jpg,0,drink
CN2H4sGzT5s9zJLLjHrdsw.jpg,0,drink
4mGhnM8w9gGCF9zkov8X-g.jpg,0,drink
INiXJQQbC0Utjr8CWeQ85g.jpg,0,drink
fRMxoXd7w8tuzjGbzvjZpQ.jpg,0,drink
cBqBhbkJK1mB8PVK1Dy85Q.jpg,0,drink
P90bDFv8Aif2jEdzqeKidA.jpg,0,drink
Jah6xiqJf0R5BQBWUbyb8w.jpg,0,drink
JvghKw3eBjCkJfi9IDDv2w.jpg,0,drink
WpP-xe3xFzlvqCRBsLgG1A.jpg,0,drink
evm26UX9eBlcz76IqhoKcw.jpg,4,food
3gI30D4tbidhbg6bXZXIWA.jpg,0,drink
pHZRfb4vhJJeCrN6gWroyQ.jpg,0,drink
D5qbaIRKiY7UyehfE9428A.jpg,0,drink
UcsYnFyyb4POpA6_2W0dtw.jpg,0,drink
wvuFCnEZtqeODGyCGyyNsA.jpg,3,outside
9_sn1CBLe2BuZCqa_tQDIg.jpg,2,interior
4iisle0aZz1tu9RiZkVcGg.jpg,3,outside
mIUHqX3ClqIwQaeTEwDLww.jpg,0,drink
AnEuuThSFwzwndwyelVHfw.jpg,1,menu
3dmSmrCTPDdbIiwGi56B-w.jpg,0,drink
Z7FmK29f99EOQArM6IUhGw.jpg,0,drink
3IAyrv3_LVodQDtC-JoccA.jpg,4,food
mefa9-RGRW2iCEe0t-xX9A.jpg,0,drink
cNmj7-slWKgQsCXKGxL-Zw.jpg,4,food
hLGho6C5L4ChuZGMOV2laA.jpg,0,drink
-VPiAvR6ar1MdN69jK_aUQ.jpg,0,drink
KgQMz26PY2ieQWpi5iZcMw.jpg,2,interior
H6UTUSncVhxChEiBw8BD7Q.jpg,0,drink
O15Cv1sGD0joLZ6iJfVuEA.jpg,2,interior
9hSh8Twu0a2PcbslWaEVwg.jpg,0,drink
xzLKiMMeo6agyxV-j9F5kg.jpg,0,drink
BJdARaS0tJy5vJ0XdVWGgw.jpg,0,drink
ee-RSB9rJ4H1bfOHJYH9yA.jpg,0,drink
hsB4c527rqL3pOArG5fuHg.jpg,0,drink
F2Ugd-oi47fc-of3bDh1jQ.jpg,0,drink
5GuF-Qxmw7g5RoqORa_miQ.jpg,4,food
yKvPFhlhj3B9rTKs9z197g.jpg,4,food
wyb2p8-_bxTE5yGsT1gXOw.jpg,0,drink
uNtyXhf-T6pUcD_zHr4law.jpg,0,drink
HF8y8-GqTb72VnSrFU4Vtw.jpg,3,outside
UUYPbvVZ_QpsmKkgVV552A.jpg,0,drink
JcbiSGBM_Y0Ytp571L49QQ.jpg,0,drink
QD95ODtk_cJPcZMZ2vBKQw.jpg,2,interior
x71IqcZyY9CdYy0HLcWZMQ.jpg,0,drink
uOib6A0QU--M5_hAi76jlw.jpg,0,drink
2dRNTjkbN0N9r4zsYFhd1g.jpg,0,drink
cPUpCsq-Hmy1JbfxkBtyQQ.jpg,0,drink
Lza1uaYTscqXWJgG8d5Hxw.jpg,0,drink
tg0QS36U_1j8X7I6-1_Q5A.jpg,0,drink
klI2P5Vy84H5Ujcw_gpMQw.jpg,0,drink
1Wfk3c7ziMz8LvKZKlalGA.jpg,2,interior
tACT-DMLUZq8NTRICrxjWQ.jpg,0,drink
ON6c8KguCeZTnQgDN_xqvQ.jpg,0,drink
gVJBTvMjjYqtKJ4aII7bYw.jpg,0,drink
X2cyoOj2AzWciFWKxqYH_A.jpg,4,food
no-1MgdBSK5mjfMfgNWGQA.jpg,0,drink
koiQ2zvJ4lk6GsNGKwwFTA.jpg,0,drink
7yY4aAwNU0a1VZglQR1ulA.jpg,3,outside
h2yyoAuRGPpqju9l-U1wDw.jpg,0,drink
yyrgZn9Sm0ZQx9NNrjhULg.jpg,0,drink
0reH9BrRSLTddiQGawG-Ug.jpg,4,food
uoC_VkgK9aInBQmnDykR4g.jpg,3,outside
b3wOWzXBUXEwPm6wRyfEAg.jpg,0,drink
lB47H-ynXI0F8mwOeAUmHQ.jpg,0,drink
bxrXl-zTTglMm0D4WcJJTQ.jpg,1,menu
34YBYLyRpoD9Mc6JJrTeIA.jpg,4,food
OONHtyzZeTCMgRlH3xKJ2A.jpg,0,drink
PptRQ1bqfQdxj0NQEwp7tg.jpg,4,food
rVMvvW2Ij1tpu6zaLDSRRw.jpg,4,food
sP53qsAJszgE-NECvnNo-A.jpg,0,drink
xnqTwCpMZ9SDUS_kHohdoQ.jpg,2,interior
YQPIxevtkvSU1Mx8Orci6Q.jpg,2,interior
EIZhe2b-noShhEWxoDJCZQ.jpg,0,drink
_46TmjesuC0p2i4GMFHl1Q.jpg,2,interior
EtwcpMG-7CeNI7rZEU4KGA.jpg,3,outside
TecpomolYjkEkRrAk7UP4g.jpg,0,drink
2B8kQbI-bhP2aRpBConLyQ.jpg,0,drink
QOyOrlPLsDuKx3pkkbVH3w.jpg,0,drink
ig6l84mddfEKclOb87Zalg.jpg,2,interior
5TJj74SKjejaICYbJy7J7g.jpg,0,drink
nRr-oUIo0328hUELHYFrog.jpg,0,drink
wYNmfyrTGzYiwBJkbHUgrw.jpg,0,drink
E17SHT-vgwXG_4BNERwP7w.jpg,4,food
B01WEOsLxH8KtlxwKFYImA.jpg,0,drink
UqfghAhwuziLYZjkzxMq7w.jpg,0,drink
_bvAHQOHC5tLLQzFxecO7w.jpg,3,outside
p3ZTnCggWekHs__cH3r6Jg.jpg,0,drink
ScjBSFoZ5uibIZV4BSvXJw.jpg,2,interior
sgN0uKg71o4RBH6mNE1X6w.jpg,0,drink
yChTeth2Xone5p2voENCsA.jpg,2,interior
K2fuSryWwC2oGGfbCB-fQA.jpg,2,interior
0k10WqwTekbmEBHIOVWgzw.jpg,2,interior
7p24kY80LpHlaUbLCoPWlw.jpg,0,drink
9YClhb88y0j1ykIY7DleaQ.jpg,0,drink
rh_u17XBMPS4dRphQpKojw.jpg,2,interior
T-alTmkpFJSHOH6oDU2ktw.jpg,0,drink
MZ9hesiK0UHmKe_UI8mwng.jpg,0,drink
g7FbwyHVXyuhg8xWufHpCQ.jpg,2,interior
MUXPCsFY_R7vX5x7TNmSHQ.jpg,1,menu
3kZTFVM19SKAljJkMlmrmQ.jpg,0,drink
gkdmSh-kDMH_TnDNllr03g.jpg,3,outside
tJuEd6R4ltmiDsRfIxf5qA.jpg,0,drink
c901DIU75FRHKpOVVXLDYQ.jpg,0,drink
KJoCiiTITGGwVkomUdMMjw.jpg,0,drink
eCE8NDwiLIpx16B3RGMuNg.jpg,0,drink
0HSa2Cb4EoSFIQY3XXKdbQ.jpg,3,outside
DHOCCXIWjDX1a3YN6eXr4Q.jpg,3,outside
nhjEBw1GRayMwEjrcUiPMQ.jpg,0,drink
5c_i9wnqw_fzsD5921319g.jpg,4,food
u5UledM9zxb23tEQQFbA8w.jpg,0,drink
GfpPWQP5_5yq6SoACbzN2A.jpg,0,drink
j7GUX6JfKhMm6PTs3kVy0g.jpg,0,drink
nFkXBAWySNOEe2XEiov3TA.jpg,0,drink
V0Z8A3iflM9AhnWW7LEXiw.jpg,0,drink
GA-Gx8ve5Vczt6l03taIdQ.jpg,0,drink
tX4yUgHhS5UK2X6ph49Vaw.jpg,0,drink
cWKu7AdlSrobBOrTqDT9EA.jpg,0,drink
sBbs4qcOZ1J9161RMnNiSg.jpg,2,interior
mpp9zDf89mrNdbpalAPLfg.jpg,2,interior
C_qyGd-LSujV8FnM076cHg.jpg,3,outside
2JL1Q_oaq7QrzjPbvw4JHQ.jpg,2,interior
HVbQZjIe2Gj4V6D9Kmbqzw.jpg,1,menu
dVWLDEqF9XxiBnTvA-rzTA.jpg,0,drink
zdaEYIeOdlSydRS7sftrMw.jpg,0,drink
kPEzVUa4_-V8O8yWzxfjVQ.jpg,0,drink
nSpSY358aAGqmbLf2Q3Ueg.jpg,4,food
F3Z1ckQLHxdcqlyiBsL92g.jpg,4,food
-K0sfBo_2GwCxyuE-XGVDg.jpg,0,drink
TNC-nFziY194I3HMDjcDxw.jpg,0,drink
0Z531PE_MhTVEsZ0B-bp9g.jpg,0,drink
LkkPBYMq6NKJHFG4MkjlaA.jpg,0,drink
8qKevOSUSXy5x7LRCQUj2g.jpg,0,drink
Kbn95-PpUH0lxxObhRAyvQ.jpg,0,drink
SyV6dUqlwDLj4P6K1vzJGA.jpg,0,drink
Q0PNfH1K8lUjgcWVOeMUSw.jpg,0,drink
oRU9FPZcpLZ1xNh3KOeMGA.jpg,0,drink
7-lFdjK3df3wwKwEzxNCoQ.jpg,0,drink
CgflaUMw8QdbfmNphbU0kg.jpg,0,drink
iSP-GTEUJnZbdwkXuM2ywg.jpg,3,outside
3PRXKibOM7HmfN_N6B7_NA.jpg,0,drink
dwB_qXWajBoTKxYPvD-V-g.jpg,0,drink
d4-viq-bGhavI7ac2MkFiA.jpg,0,drink
7hQYW-mp9IxjkzTVqNj6KQ.jpg,0,drink
1Eq5Sn5tQcfCAxDJXF7gcg.jpg,0,drink
HBA26-Owm3U1T0EqsBXBmQ.jpg,0,drink
ZiJ5P5Jr29q6kihy-EXI1g.jpg,4,food
QFTA3n3U93REVtoNiDv7uQ.jpg,0,drink
UTTpVHR9tQtB155W2SOWXQ.jpg,4,food
Eytf9HmANwFEY1mjo8euLQ.jpg,0,drink
ddcUIm55jSf9pZVbfFaBew.jpg,0,drink
24BkZYn_DHuvERNTRIpCzw.jpg,0,drink
Ibdl6ADyagKqMENtJoWFKQ.jpg,0,drink
WZkKWS53fS1Mzss7JfxQJw.jpg,0,drink
TbquwcCjKO3YK2Cn_R2r8g.jpg,0,drink
6DFr_H_2RJLl1FKaAAM6TQ.jpg,2,interior
unmWIWgQeSSAAfjpOzpylg.jpg,0,drink
UFOZauAz5js0FBbB7q6SGA.jpg,2,interior
ASQbrS9PxEmAWlIDK_Wzuw.jpg,0,drink
R4osoSUtpaHDmZ6XH7_6vA.jpg,0,drink
luHvJL2WiD73SZleXwIYXA.jpg,2,interior
C4to6W8r55AQr4CSHc0KBg.jpg,2,interior
pt_pdM7I2roAVEx4PXU52g.jpg,0,drink
KvQNzBhXRnT3xBl6mTR7mA.jpg,3,outside
jba2CwZszMt7T9O66Kub_Q.jpg,2,interior
Wf53DOaTHNxjl5N4hWlQBQ.jpg,2,interior
ZJMebuBTVCaKNAvQrEFiNA.jpg,0,drink
03jvRmQfOsl3AQ0HcIsvgw.jpg,3,outside
iOYG-o6SwQIVOifNCKVioQ.jpg,2,interior
btX6zU6jA4CgQqu8niz_vg.jpg,0,drink
LhaZnH0nQaxYc-YNvSxZfw.jpg,0,drink
7vrGQXOxwlXy1q2h2gippA.jpg,2,interior
K8suY8eO3dfDRZL6hJl_iw.jpg,0,drink
YZ1JTz8lh0zeCDObeqCWbQ.jpg,3,outside
PsM1QdCA4ZrU33YZAzxaZA.jpg,0,drink
vmmzhzEO52OLi4ji46F9CA.jpg,2,interior
kAZTmu9PRsWaKs4IPaEwtw.jpg,3,outside
S_lmUb1GHJk5JqChhpwJOg.jpg,3,outside
6bMn_XPEEe162RCBVuAGFQ.jpg,0,drink
LWpkxCB4UTiJawf8Z3UGAg.jpg,3,outside
IlRTjnVf02UBp7OSOBb_cg.jpg,2,interior
risZ82zvNOrtkbZCUZktTw.jpg,0,drink
BvDXb2vM2coEGP-uP5MuhA.jpg,0,drink
gzkx5Y9nU4iH8gxqiTtwIQ.jpg,0,drink
Z4qxnHwSMGgf5BMVSwfL-A.jpg,4,food
tC7_G98q-MlD9_khdMujXQ.jpg,0,drink
LSiKh4ZgDh0vRj8-2gtDqA.jpg,0,drink
mhioSpWxolTvRNcaqC3v1A.jpg,0,drink
9R_uiYeo5JabrdYujgnUgA.jpg,2,interior
ZUNWqLYceeUrDXDakLoKEg.jpg,0,drink
mSTTfrHclvLofHoj_nMdVQ.jpg,3,outside
61Mi-W_tlovfaiU7Rz6npg.jpg,0,drink
Y3f6wZN18OqlGyb6GMcaHw.jpg,4,food
M2G4MGb-bpiALW4_q59oCw.jpg,2,interior
TWUgiIlo0sqkkDYiwD17SQ.jpg,0,drink
4mEW1Mq3JBdWo-yO0mD-6g.jpg,0,drink
h8zcpFrANdU_1EdtIhct8g.jpg,3,outside
jMdhYrJGboxHkQLbabIezw.jpg,0,drink
UUaKI_MlgVEQgcdv6Uw9nQ.jpg,2,interior
6lDTBcUo9y5nA4z253JuKQ.jpg,0,drink
0nfsHHg6PnyPZ6OOsrGKbQ.jpg,2,interior
aomt-o1UOi0q4T2aGEqRJA.jpg,0,drink
GcyZR1oJLyDsmQ7RSGVFvw.jpg,4,food
LSlCR9lK8tADOif68snorg.jpg,0,drink
OSLZJzG0Ay2QYOp6EQ_F1g.jpg,0,drink
9gtp9RjE78fjn2GrHhhmlw.jpg,0,drink
bU4ZTepkdCXtL9FEUOdZAQ.jpg,2,interior
0ekU2GkmrvwvsTXWYLdkNg.jpg,0,drink
Klr4XukZza6Zv_hZw2yAsw.jpg,0,drink
noa_cHkQ00rEopgadGh2yg.jpg,2,interior
3vubos2ricDeLd_z5ypq0A.jpg,3,outside
KmQJQ1K3rtYhqYmp1zWODw.jpg,4,food
BALOiDqUPcva25Esklo7vw.jpg,0,drink
-rIB0PCUbR-GvlGbCj_E-g.jpg,0,drink
1TMoOVrO7PxWL_I-vUpQMQ.jpg,0,drink
iiQPMcNw8nudGc9PiN13Pw.jpg,2,interior
dv1kNauuwum5b49pAYPJXA.jpg,0,drink
3mquP3QVw1KF6UZaYEtleg.jpg,0,drink
M0a108tFlDPShM3t10CadA.jpg,3,outside
R2fIPhFuqcg8s7vas8Z1LA.jpg,3,outside
AVPwQg_WfJL3HsJnOI-M9Q.jpg,0,drink
KrOxWes3nWt2zESyl6z3KQ.jpg,4,food
AZeEoMC1wl3yljJqeQ8HtQ.jpg,2,interior
6erdAaGy4NI0VhyvIQLcfA.jpg,2,interior
OGBBdLVxm02vP8Doi56EnQ.jpg,3,outside
BOOf3jamPlqx-q1YPJfalw.jpg,3,outside
LuEqtqThwfXRDk_nl8Z7_Q.jpg,4,food
H6ClHbof53gA2p1cWiT6pQ.jpg,3,outside
X9IirdA3U0KTbkWWfnFjIw.jpg,3,outside
tfHGz8SLJ7-Pq7DJsjMjwA.jpg,0,drink
iCWgxFiG4zf77KPzJY0nkg.jpg,1,menu
I92I6sHN6D5qWRwFnnhRWA.jpg,0,drink
MzsTdpAjBlYWzpEb89CO0A.jpg,0,drink
aZ_xsISHmmtW-XuYl0j6VQ.jpg,0,drink
vScbozoubLSXhVoQGJIlSA.jpg,4,food
Tn3YxrVsQmXOrXGG1cApMg.jpg,0,drink
otfV5bBsthqtDdkX2n4MBw.jpg,0,drink
YqswYRjJxROZMfJoSra5mw.jpg,0,drink
ZDTNDzJUTEB9T0QveCP1kQ.jpg,0,drink
1PXHK22ID8tM1vKoegc-IA.jpg,0,drink
KPn4Xhyk49HjJ7UT9BOxpg.jpg,0,drink
RdsRAU1cDtL0hLtaAVbf4w.jpg,0,drink
WmJfAfZsKkNnUCBbE5rQdw.jpg,0,drink
02xqdLDJD1y_RIWl5znJAg.jpg,0,drink
rX_F0gIlEedTAXlUsJpmsQ.jpg,0,drink
g_3-yznM1yPuBl5Pga14zQ.jpg,0,drink
rfcn7h293TutBgJ1hFibTw.jpg,0,drink
SPTDvw9-149pGZ_fUpfbhQ.jpg,2,interior
fHiVYq3bPAUoiH7uZCQsog.jpg,0,drink
VUrFM-NyC4vsk__CeAmwlA.jpg,0,drink
FIAwz55YgxTT0-Km6ma_jw.jpg,0,drink
pW1qitCRNkxBzILRjzzC5A.jpg,0,drink
QXKX7FbWDIEh4HhNGIJH9w.jpg,0,drink
J4FmvIeF39b-pfNPRV5DkQ.jpg,2,interior
ZTDxnQo02wdgfZizD1LQ7w.jpg,3,outside
tzxrKDuIqD5SdsYZHoaH3w.jpg,0,drink
_qQAMFgOpl2MwtHknK2FfA.jpg,4,food
s3wpCOpqoc5xA9_9tQGy3g.jpg,1,menu
SAUO_XcSDLp_JL5WYsLTqg.jpg,0,drink
glw-kdLv2xiSPxBJqJHBQg.jpg,0,drink
so6-YUVRncFfESMAe2-utA.jpg,0,drink
0JWjzOtVtG4XAhMHAQiXWQ.jpg,2,interior
a5z0PdC9XgYALYn-lnH7rQ.jpg,0,drink
bxhN62Yc7DF9t7swTP-g2w.jpg,3,outside
Vjv6bqQ__l-hx9VDHjjOgw.jpg,0,drink
YdsUFGmn_2GM7oKWEk9-Sg.jpg,0,drink
hhmrq1sfjdGhIKfLALsjLA.jpg,0,drink
Upmp7jMjYDFE3JWaHByfqQ.jpg,0,drink
h3MqbH0xt4IMzcpM7S9X7Q.jpg,0,drink
_UciArowFNogqSVbNQqb9g.jpg,4,food
EzBq200aqOreJVA1pNGqIA.jpg,0,drink
SEVvxAt9eDvxs5HKVkYoPg.jpg,2,interior
1R4Cx3PpGkzj3oQZ0gdJ-A.jpg,1,menu
REZqweuX0UF4ZSZnEEVxgg.jpg,3,outside
lA-bCXKItyCgK3WGaIn_UA.jpg,2,interior
Lo69kRFRxuwQwUzlD9v-kQ.jpg,0,drink
8OsjvkemCsJ14q-zcFYTPQ.jpg,0,drink
E67wvpbOYZdTJUVqBqjljw.jpg,0,drink
WpW73jpbcoUnHUFs3KRCew.jpg,0,drink
M9ykibhvUnIDu8gD3Lz0rA.jpg,0,drink
CaDFGAw0OSFmJzyIOjO1Qg.jpg,0,drink
w8DRr2R0aeZVJ0k_P4KqtA.jpg,3,outside
hWzg5sM7XwTikiB62PjB6Q.jpg,0,drink
mPgUrTfCjBnHGY22Ovu-uA.jpg,0,drink
A91-oKVqVxUoRcjtQW2YWg.jpg,2,interior
PbVfUi7ylWw0-C3mWL4IVg.jpg,4,food
S8waD-5VydojjtFpc-dycg.jpg,0,drink
EbhoxGaOdtR9r0zLZqGKDw.jpg,2,interior
YGw2XYKgmZ1z-08ae5FNjA.jpg,0,drink
FfxQuqEs4lJFupg-SDRq3w.jpg,0,drink
DAlhGCrdl_81IanEtyHTpg.jpg,0,drink
o0caNLcax_rWxkCn27RbHA.jpg,3,outside
7r5cMShuu460fMeq5lzT7Q.jpg,0,drink
aayUT8PxfC70T2aZHqpkDg.jpg,4,food
7QhX5amj5MPs19L6NYvZQw.jpg,3,outside
zLOfuU3aivJ_6GVcGnTf9Q.jpg,0,drink
4Y8lJ-IiAtRiyYDBKg4LjQ.jpg,0,drink
93UgQMaNGTz6cuKYIXQvTA.jpg,3,outside
t0cl7iCoicRm9z92y9x4Xw.jpg,4,food
Tp7dxnnj5A_JRVScdhc-Ww.jpg,0,drink
UhOn4eYOler76zwCAWlrqQ.jpg,2,interior
ML-uT4s7dkSq5dfomc2m6g.jpg,0,drink
jOoKGFuqnpOUmfiyvGeh8w.jpg,4,food
jwbgHlJokc6Qu4dSDeWLuA.jpg,2,interior
5jc_A8JgVXhRPHcMSW8WDg.jpg,0,drink
wQUjzL_R8fTSq4gWT2aKFA.jpg,4,food
UWIEahNDquQuUhw7OW_qnA.jpg,0,drink
OTLGrJIa6WaHrvD5uuCTFw.jpg,2,interior
O8PEfierchw-TINfUV9ERQ.jpg,0,drink
Bpe3cVelqIrWzpeVZvA1gQ.jpg,0,drink
zz4F6jQ7bpzrRWmtR9_soQ.jpg,0,drink
RbNLkI5hD9fTRGnavT6WRA.jpg,0,drink
IOQ0Y2wVK2qqX6efpNQRVA.jpg,0,drink
wgiMHHgX2UoKJX0qUuPhhA.jpg,0,drink
Hjtq9TQyqw-fQDpPKYYUuQ.jpg,0,drink
qIeWJoUruKfssMR4Z8Fi0A.jpg,0,drink
j0BGkXPSkDv4J8hGbsLg2g.jpg,0,drink
Jr8c3M5FY1S1UspTN0Z7EQ.jpg,2,interior
4CsGs1g0S_5XC4lxDtXktg.jpg,0,drink
FHeNAR5zyNE_SDEHIFJJaA.jpg,4,food
PFBFdBgcvJzgsNVfNQ3Azw.jpg,0,drink
GgkUHq3KSW4iX61s9Hzfcg.jpg,0,drink
dhj7weBsMcYCCKQFSFElMg.jpg,0,drink
W6AEQDKg_zEqjACC1UtEGg.jpg,0,drink
0gD1U6jwyBvuzLtV2vFS8g.jpg,3,outside
GP3f-AK-g62yN3A7KenHLA.jpg,4,food
pp3sp32FyRZFmskno53wtA.jpg,2,interior
ivcDtayfGfHjHi6O-F5xaw.jpg,0,drink
ThFhIVzY3eAOMguKyRPD7Q.jpg,2,interior
WYTcbkYlX2jA39BokSrboA.jpg,3,outside
dtyskHf8zvGFirNiD6NbAw.jpg,1,menu
nALtNZ9IUi13V9gYxzcibA.jpg,0,drink
_HWNI6Y_nbzHg1cu15k13A.jpg,2,interior
VJ8JXC0OXebjAevt7DklOA.jpg,0,drink
mh8csLILwq7dQ2vHpwwCkQ.jpg,3,outside
ddhiczjgfBL3qBXBWJVBFA.jpg,3,outside
89fJ-3g2sjDdF-HZsG6KOg.jpg,0,drink
fZfv-PRfvzXXvblp8vk9nA.jpg,0,drink
xSglT7SvWsTX9Fq3H9virw.jpg,2,interior
VW4mhV_K3R9lofzcyCNhmw.jpg,4,food
Db8Rxp9a4fU7VCSTRm7JeA.jpg,0,drink
WyGv9lD_lLkLlw6etqZUSg.jpg,0,drink
_KS-FeIloe2MrARPidWBcA.jpg,0,drink
uYmUSEPm0gXBlnaqmimNEw.jpg,0,drink
wXA0A-C74Dtls9Xn5DbwkA.jpg,0,drink
jT0nABWq8dh_im9K0V-Bpg.jpg,0,drink
oyRijS8JH78G7jgLNE9JvQ.jpg,0,drink
I65PkkzbtbvsLZwuTa8pWQ.jpg,4,food
uTIo_4e4ntwENS-clE7fPA.jpg,0,drink
V-jVK5Y2QlIXCAycr-ZnAg.jpg,2,interior
UOuAXxHdFEr8JeURL8fggw.jpg,2,interior
aXfACVTf3cm_Aa35hHqDqg.jpg,3,outside
qd3Mw5z8X3R9HVXK95Y8-g.jpg,0,drink
wvNvMSrJNBeFGfwAmptkqg.jpg,3,outside
Yt7N4iPIi21mo4HkxlYajQ.jpg,3,outside
nYFz6qpiEwY0Ayr7O6Q8Cg.jpg,0,drink
MGvzhHukdElTpPceWVv6fg.jpg,0,drink
L54Dk5wiUM8q3QettG4u5w.jpg,0,drink
vVp0n8EV_jzJ_pZfPRt_kQ.jpg,0,drink
M7_SEpbl8b1BKeTz_55Hpw.jpg,4,food
e_btNsyDMJasYzm6OOJYzw.jpg,2,interior
pxx9Ld15SgBVmUbvmw-Bow.jpg,2,interior
YFz8Rn29vBTAwe9kFq16dg.jpg,0,drink
Qb2eF45IDmWvxdxr9gks0Q.jpg,2,interior
DvtQW3yJ6W8gO9aMgPgvig.jpg,0,drink
LL1ETF-iXAkuAmGFHt7Ajw.jpg,0,drink
MBHgH3gKyMX0vHK8odMUmQ.jpg,0,drink
_lLOGR1gg8eguGB04rdJZg.jpg,0,drink
OwFt2UjClt9VWhkXNRE-fw.jpg,0,drink
EU117PBO_wsDFS0eguWAlw.jpg,0,drink
V8WXZ4VfMqp0EpQVwZsgwQ.jpg,0,drink
Y6ZTmrg89_sZ5TIlNbuKXA.jpg,4,food
jm-lNKUE6eIVCLLIQt_6rg.jpg,0,drink
wKYvBIhWF1GxkD4Cxbhe2Q.jpg,1,menu
uvpEqAmAvaYKnJJIzi2sBQ.jpg,0,drink
dThrFTK_bqo1woPvUgY70g.jpg,2,interior
Ux_JGjNbCp5FhQvdl8f-4A.jpg,3,outside
-wY3VKDLzAGVZZRn_UJ07A.jpg,4,food
h99zEBKCPZexOVvzs4qF9w.jpg,0,drink
_NRG1QZEPQEAfpd7FJzjhA.jpg,2,interior
fXtva57K44WogyIyE4lwrw.jpg,0,drink
9LVwn-7jyZU1JVo3eODgig.jpg,0,drink
YQhzRu9Z1gQRLdmNuPxstA.jpg,0,drink
0ur9HP1NZRz9wzC9kcAdOQ.jpg,1,menu
abPA2H6hGD4YBJdMsfQG-Q.jpg,4,food
2SToUFaEkXmN-kbEEz9ZtQ.jpg,0,drink
s93Sju6_zpCngp1gS0Asyg.jpg,0,drink
kDeb3n69djmpaLPIBV-nbw.jpg,0,drink
uRcGd78aWEu3Gq1HKjk1uw.jpg,0,drink
oLyHnLj9ebmLzNFSDsO5Kw.jpg,0,drink
QTukeoEElbEXCLOdl9mu6w.jpg,0,drink
CJf8HjLxwh6TdlEJwNF6yA.jpg,0,drink
737kMbhzDX9Bfsti3hRHXA.jpg,0,drink
pRxvFRofKzpEVSopQaK8mw.jpg,0,drink
9AUkh74cyAlNhzU6u6s57A.jpg,0,drink
cIRAzzGXkE1KJaG3EQ3JSw.jpg,3,outside
pX5aE-6moauTFU4RwpIyDA.jpg,0,drink
T4o0qtEIrFgHoJAj_TxYKA.jpg,0,drink
D4mzns_Kr6aIMRGhXC-c2g.jpg,4,food
wPD9RtP_Vli2ye06WNyp2g.jpg,2,interior
vFDlMJ68GKBms9QdDpRsAg.jpg,3,outside
LNV2H0MigxMyq9wioGgc5w.jpg,0,drink
wEIK9lE0LVngTmDBIgL1xQ.jpg,3,outside
hnhkvZL0utdT_JRTBzooyQ.jpg,1,menu
HC9dI4rGyND9tLv-GgljvQ.jpg,1,menu
PRTuQzggNjtWS-TlH3UE7w.jpg,1,menu
XtlnKQNlVd9tFKHNAtuQDQ.jpg,1,menu
PrSEVm19JJVdQbhgCNtpLA.jpg,1,menu
nr0M1rjohOumdKhVAikoqQ.jpg,1,menu
ecr8Nlmv3wyQkrwmCDr6Vg.jpg,1,menu
wHO7zRTR9hR7vMet8_Br4Q.jpg,3,outside
wRYSDyu8zUqUfAHKDXgCjQ.jpg,1,menu
QImxScyn0_weINnJjXAzJg.jpg,3,outside
UTK9FgSdR1vlALfT-ouFJw.jpg,1,menu
Ra_rs7QbL2ruvNn-fzgZ0A.jpg,1,menu
Rxu6HGW4dFI-kJLs232CfA.jpg,1,menu
v-5Wzcjqqj1NlAjWkafc6g.jpg,1,menu
5w_6vOJ2cUMC9KVJK8Ef4g.jpg,1,menu
b7agAB5SBfud3PFh9tN90A.jpg,1,menu
74m2SqoQAjDIbTVE2e3dzQ.jpg,1,menu
mOKBVX_vnsT5lu_a92omiQ.jpg,1,menu
8ydON2qm89rrCbjkGp1TtA.jpg,1,menu
mpo8QWPYxsrkfqdI5d3xiQ.jpg,1,menu
Xvh0PTaZcjhTh4cem_jYvg.jpg,1,menu
KTi6jDl-i5oetWWhY0-djA.jpg,1,menu
SMtn4tN7lcfs11RFfBPQVA.jpg,1,menu
7Ab7dYCSsQDa3zLLkd72gQ.jpg,1,menu
YFWkxygfbdpukuya9A5zZw.jpg,1,menu
DsnBiY3YxOwSfM0EqipDDA.jpg,1,menu
Ub9H2xrp7juu0XWfdcpJ5A.jpg,1,menu
GRn5fOaFjweR6jpujxcwnQ.jpg,1,menu
FOEn6-hbZAUnHZTxKpwAkw.jpg,1,menu
FpIxQHu6J3JKnL1iqaX60A.jpg,1,menu
wt8rQF9m4gZyPaAFGMjC_g.jpg,1,menu
XCFJBKAIPR3maPETVK-90w.jpg,3,outside
zyz7zdej08AOsnrOGBBwJA.jpg,1,menu
cnkjCTYFV1Zb3g6hh-1vOQ.jpg,1,menu
M5VWYYv1fVLwMMp2vo1ezg.jpg,1,menu
G9r3DajUkFxCBVTNrBGnEw.jpg,3,outside
BawBICP6_wWvi-pxkF5KKQ.jpg,1,menu
am_1X-L68WfYqnw__zD1Zg.jpg,1,menu
4p-AhKWjyNW3FWtwFXD9lQ.jpg,3,outside
5u_N2j88jhawjtfvJ-4i2w.jpg,1,menu
YbTOEcVEvUEQnZy1XF4gbA.jpg,1,menu
L-U-DoLOFUJAw3CoR508cQ.jpg,1,menu
k7HDRl0Mi54wtMAdMoi-Lw.jpg,1,menu
Oou8Aj8MC9euQ-XrQe0TbA.jpg,1,menu
zM5iDnrQh_cYcXGSIqlOKw.jpg,1,menu
IzBjq86jHDoZ63zxtPDi1Q.jpg,3,outside
FyvpbafUB6AbGgN-QARswQ.jpg,3,outside
CGKpuyfdWYJx9bGhfV2Kww.jpg,1,menu
Hm7vor0XWNmhxSwcN5m-OA.jpg,3,outside
iaxKO7KwzYyErwZL6t78hA.jpg,1,menu
upsKJla9YSDNK7yV1Oy-ow.jpg,3,outside
bXHZKKyFvIuxdmoS3ojCvw.jpg,1,menu
QQijqpES0VrlWe1Cu4CkZQ.jpg,1,menu
GGKjh-aX2E6cd6dFefjJcA.jpg,1,menu
IFAv5PMbB1shc2CJngKX9g.jpg,1,menu
X3Ldmldsh45CyW7_0R01Rw.jpg,1,menu
tuompxMeVKY7d0A3CY2LRQ.jpg,1,menu
BLZTQzFQRBcGe1n1Jbdlfw.jpg,1,menu
sBedNKmnhf4YKZ9TfpUJiw.jpg,1,menu
tA15abMj6bq3oOxy2VfiyQ.jpg,1,menu
S0QRuUST6N1JiveoT-mLhA.jpg,3,outside
FYbKI4_yPke87QJFc78zrQ.jpg,1,menu
Vhf0-CqGzNny2CsxvTC_Sg.jpg,3,outside
pW2tiPNTGW84nUK8YM3p3g.jpg,1,menu
DIuaKoEV8zwfH7-tJ-kEnA.jpg,1,menu
OqzivBgEYPsJKqP3o8ebCw.jpg,1,menu
7e3NGFjm6NE5G5Nb4A_mFg.jpg,1,menu
2B61UBAj4YdMsgXKZrIx4A.jpg,1,menu
SV3m87n-pJctVT4g2FN6lg.jpg,1,menu
_x-xkIG8bVy2buAoVB9hQg.jpg,1,menu
MB4zwifvv6qXkDIrrQyscw.jpg,1,menu
TGVfMTX3a2nszpBXAWHGpw.jpg,1,menu
XbtQEyiYo0O7HDkFa4zC6Q.jpg,1,menu
aMiOBRCv3pM4rkPGtEGVlQ.jpg,1,menu
qYEAJu1Px3O6opD0VRl2gw.jpg,3,outside
2fmN4DHvoNX2-X69oPTfWg.jpg,1,menu
N8TcKONwyf55ibWLPuucAg.jpg,1,menu
ofyKBBEXn3HZiye_DusoNw.jpg,3,outside
n4aJfTgw0vVNmqoeRzzrnw.jpg,1,menu
ZvsI_6s38rJSCGd52hOlBQ.jpg,1,menu
YGrDluXlZRbFgOacD4hywQ.jpg,1,menu
L33kOstRHiJhgS0LSbrREw.jpg,1,menu
Mu1c2wUB7jmd87Xpc8lGUw.jpg,3,outside
fR-0dmUFR3SNbijqtwcZqw.jpg,1,menu
p5E-Saf3Bx14g3HAc3vfTw.jpg,1,menu
D4DYX3CRQr5T19540vcJ-Q.jpg,1,menu
eeQy4_ZA0aAGPs34j1hgBQ.jpg,1,menu
eWe8Wc6sU0WFlMME9AhsJQ.jpg,1,menu
CXlrHwbyONCQ74-rYVq4uQ.jpg,1,menu
zkxRaLqwa6b10JxCU5engQ.jpg,1,menu
PHu2w03F2zZKmLLDaTmwNg.jpg,1,menu
Ghd9vlcG5F3mQXR-L-EC6A.jpg,1,menu
ZYjJ196JzmS54y94e1Ru5Q.jpg,3,outside
W3TR-g1xPWGyGR4541YsqQ.jpg,3,outside
OK4ociJ3gxl1IvLX4yLLYA.jpg,1,menu
ts8ykCg3I9zGHhg61eWQfw.jpg,1,menu
2gH9tSzxAhpTiucT3C8Epg.jpg,1,menu
OJL15xsX48slAdpTFzA1fA.jpg,3,outside
xnA9E9XXJYtP8clTikdUWQ.jpg,1,menu
3xSw_8acrwX3Cf5cX3lRww.jpg,3,outside
WrhI5QFWIIiu86DBD8ZdCg.jpg,1,menu
whnG-ffdJ2E19uM7SWs84w.jpg,3,outside
OMsNn8B6b2TnA4j2ErzkGA.jpg,1,menu
KLQ2MILZcrX1-Q4w54xhdQ.jpg,1,menu
aXg_q37qn5M6USihl4g87A.jpg,1,menu
HVnehm-g5W-BR2ZO1N0Y9w.jpg,1,menu
VoYZ5mkMNV1Qj30lmLhYJw.jpg,1,menu
t4zwK7HjRHlFgg4SgbNoLA.jpg,3,outside
w668t_CI8Fl2Nj6JpWiZOw.jpg,1,menu
Am4s-VnsUqau8hmpyfSVWw.jpg,1,menu
IHW1F7VLq6tep4Tt0Ve_HQ.jpg,1,menu
ESTwK21bgaclKkLpLPuyVw.jpg,1,menu
fgdaod8JAxiWZHPlj8jXIg.jpg,1,menu
mu6Ya2TeZanzHFXb2s9Ivg.jpg,1,menu
cMuILP1FWrxa5WlGqtxjeA.jpg,3,outside
zQRr78hhAHjXRettAeWzCA.jpg,1,menu
hvZ2fegpq1wgzN8xiwwDRA.jpg,1,menu
6j6-jIvGq2pEnLtC2SKWUA.jpg,1,menu
I017NQjRi7cjcIyoZ2jC7A.jpg,3,outside
Xzt9Fn4OW7kPaNof4AKWkw.jpg,1,menu
Iw8GQUfnElnbAWTRfL9Ekg.jpg,3,outside
n_oCGoq_yHanYy3sDqouwg.jpg,1,menu
Ei9mYs1xeh5JR2NVhd-4Tw.jpg,1,menu
FmU6IkC6K_yJkzYfTzxvvA.jpg,1,menu
FZQxUkNoFfv1MoSetYUN9g.jpg,3,outside
EIMSnQOEgNfj2xaMKJF_GQ.jpg,3,outside
f25_Rl1WTTFzKlbcg9gM7w.jpg,1,menu
lBcE3vTBa2U4J-JWQPCSpw.jpg,1,menu
RVK-MOE-F7Ef0e1YTcgwJg.jpg,3,outside
xY-euMaCkvHChR9TlWEpTw.jpg,3,outside
O4Bj6XOTuzLtv078p3NW3g.jpg,1,menu
Gv8Snh2gUzjVaIP5Sl0GLg.jpg,3,outside
NjYy60Qck3mZ69RiMqa1xQ.jpg,1,menu
HBYI6RFw6MvNleKl4bCaBQ.jpg,1,menu
UeHaM5Q2Nb1EeVYR-LzEkg.jpg,1,menu
c10JfX6jtxNJvQISduUvEw.jpg,1,menu
D_rs11GGFrZTiGMpqKzPIw.jpg,1,menu
532e3B5gRzaRQFoKtCQMbQ.jpg,3,outside
F1zXDC9iiN9JRBvco_CffA.jpg,1,menu
zaVWeufuBnZYKQ7j2QNtaw.jpg,1,menu
k7HUXwE2pWb75cI5rWDjEQ.jpg,1,menu
wHcxui4AWWLkJARda0OyjA.jpg,1,menu
oXvpG2HQieOdhmqYnx3mxA.jpg,1,menu
GKPb1MS13YGjrG5f2V6DJg.jpg,1,menu
4XQehRNKZnj2J79dmpjO-w.jpg,1,menu
SDZJW3BXXS09jHvc6zS4Rg.jpg,3,outside
6zeJVX0_4J5LTC5BgdlG0w.jpg,3,outside
pz9aSjuUwZRqPoQ4rvXEDw.jpg,1,menu
rVeZWpaS626A2a_xaMxSog.jpg,1,menu
G-FcLHviEEnh8vo0vKqoHw.jpg,1,menu
er8LTBX_6ErkHo5OON-fCw.jpg,1,menu
QjGbeuaR-NEirdhzjMNm4w.jpg,1,menu
8TcAvKr0BvEzHD0uorcF6w.jpg,1,menu
kqnTlKV-NLNaf4M4tEVK9w.jpg,1,menu
sOSHNvhBV-4tOAr6zLxAcg.jpg,1,menu
f4K1966ElxRB9KWyPLGMPQ.jpg,1,menu
v3TUA0J2dC3vc47e5c-HZA.jpg,1,menu
WOAhRB0xPwXWXzg9xF1ZQA.jpg,1,menu
BEQSIpFSik0Uy7Wh65cjtQ.jpg,1,menu
HB3n0SGO0uCliJOrbqcLPA.jpg,1,menu
YHiZDNAKqV8pukPGySvMMw.jpg,1,menu
GwBe9S54ROsX8yzKGnAWtg.jpg,1,menu
DBSNnfaaY8aaB7ujCt5UMA.jpg,3,outside
KOH7wSFM6O_onWlL5l6LBw.jpg,1,menu
SXJkzV0SLNfvbd3kiy55Rw.jpg,1,menu
Nc-Dl-CpnGAQkm7lfoTszA.jpg,1,menu
bA1pJL3JXTpGM56acC68-Q.jpg,1,menu
zVms6PB6BJKgIs-f8cczgg.jpg,3,outside
BQ6jgY6JZ4Gid07brHmaCA.jpg,1,menu
ymnyQct-afx8VMuDA8dAHA.jpg,1,menu
hykL6DVw5Ie2WI6MsopHIw.jpg,1,menu
aqLLMoSnDe1Z7pB97CA_vQ.jpg,1,menu
iZyL2_EZmDVmUt9FiuYpow.jpg,1,menu
dIlWLltvCmDFRImxvk07jw.jpg,1,menu
wQgRIvLN2gl36YMv2kZSXg.jpg,1,menu
C2dXEJfZSCgDRhxH4FRBcg.jpg,1,menu
cDsE0sVLwrEFLFLh5VyMQg.jpg,1,menu
roFT0LnnBNglnEweV_B98g.jpg,1,menu
kB-O7D_0zVzDPJAPHMcN2w.jpg,1,menu
aHe1kgSCAAaJ3c59bSS9zQ.jpg,1,menu
v-kmVZjeGSW5TjmTT-K5uA.jpg,1,menu
Pl2rVH-Hl9FCu-0ycenbww.jpg,1,menu
yftUtI3Uc4rf0KAVFA8D5Q.jpg,1,menu
DiPVhW0ut4BOWQ3-3102Fw.jpg,3,outside
WAAoWnkNZhuULcHV8ewWTQ.jpg,1,menu
3JhQ-3vuhTRNb-abGUuPoA.jpg,3,outside
nnN3fOmY7uzQ_DSqBD8yUQ.jpg,1,menu
bnEEdBoug_z62jh1gKLgUA.jpg,1,menu
uwN1MutIoNV8XjuclBxPYg.jpg,1,menu
nZO8Zm_goP2VPIBfOr5ZrA.jpg,1,menu
wjrHGaOV6GydE7xNmr5quA.jpg,1,menu
ASY7ATmbo2xoLqUvGufN2g.jpg,3,outside
pVbCCmWELfPx4LRfEFvWNA.jpg,1,menu
jif1A5UGSgcWStd-0iLQiw.jpg,1,menu
2QxlYhwNSdujZfID3Z9FOg.jpg,1,menu
HosIpfqR5FY0fnNjdWoipQ.jpg,1,menu
5917ph5pKpS_ItlYOag40w.jpg,3,outside
YWw3F8usfHJRnt5apfESsQ.jpg,3,outside
8XWRuiGUhQpXam0-GQ7UNA.jpg,1,menu
rifOByV10O_JqWpjCUXAkQ.jpg,1,menu
b4dgDyXlHuI7VMZulXcApg.jpg,1,menu
k9NBmF1gjdPA9BDh6vuRdg.jpg,3,outside
F9PsEb30Sw1swl9LS92_-w.jpg,3,outside
fRmy2YSgTlz8yfVgH_WNCQ.jpg,3,outside
ntpr35pM-doFzEA0_60i2Q.jpg,1,menu
tENKBeLfAkNUE7jMOeXTig.jpg,1,menu
sZrD60dde3QcythByi-5DQ.jpg,1,menu
m8VLh4J5-KxZ78xZW8IW5w.jpg,1,menu
zi0XGIr2mzylRzzI2aXQ_A.jpg,1,menu
a-BPyfMGUKXPfZ6Ehf_i9w.jpg,1,menu
atUVp5TTgQ1dC88P8mwnWA.jpg,3,outside
SPQXUGZBMty3RjLdXOhzuw.jpg,1,menu
KUma-JwpsMTwtWONvg1NdA.jpg,3,outside
BRX-KzeUxVi3K-4GhtobvA.jpg,1,menu
KwuVgLpzQ7QCIKg8NVb1lg.jpg,1,menu
YijMzVIsExF3kwyn06hsmw.jpg,1,menu
UD-o7-2ig6jK441AsXIJdg.jpg,1,menu
HAI95BWacp3pf_KcEIIlNA.jpg,1,menu
fYZHLq1SDbFKoGGkT9BpLA.jpg,1,menu
-p9Bsyops6tTBO_sIK7YDg.jpg,1,menu
Rwty8Oee4jlk2pe7L0vQfw.jpg,3,outside
5wIFUBTG_bP3KYGi__wDWA.jpg,1,menu
TKtbl_S9SgeG2NUwZ7YnTg.jpg,1,menu
cTTqLuD6IoqHOHX63dF2nQ.jpg,1,menu
58X8StYqh1sUQpdcWCmtdQ.jpg,3,outside
8Gv_stcqrMM4qwV10Z7Rdw.jpg,1,menu
nLFn20A_NdW_bf4hM0dC0w.jpg,1,menu
WbMc7XaDMVZmTe3wYcrw2g.jpg,1,menu
tm0m8EUBAvIGEr1Gqw40GQ.jpg,1,menu
fKqLofD2aAsrsA8FSKxP-Q.jpg,1,menu
tpEPpTm_AmnCh0YOC03YZQ.jpg,1,menu
_xB4ovBVadxOekB_2_kh4w.jpg,3,outside
m5wlrKg9BnMc6as9FSbUUQ.jpg,1,menu
xNQAmGbVmiZV6Jaf931DxQ.jpg,3,outside
2dHd8_qZlNaGKN3Y-ko0OQ.jpg,1,menu
e53fD852qVDVupU6L9qkDA.jpg,1,menu
Hr5MPugPOz31794a_XAXaw.jpg,1,menu
TatbbLaVw_OanwTRXOwO5g.jpg,3,outside
uEoSw-y1_gB-DHRzp4JEYA.jpg,1,menu
65aLqbcIWZF23JQ60PXrbQ.jpg,1,menu
Ti5GniDItJanLhEnl7wzkQ.jpg,1,menu
N-S14AzS8cAwTUyMPsITBQ.jpg,1,menu
k_LkZKqJo0tc75Jc5EYI7A.jpg,1,menu
VR9DCbiSDQL0gSeNUwDj4g.jpg,1,menu
QaiGlxVTYXTzbYmFb3XgdQ.jpg,1,menu
4xB2r5XoG5KCeaW3ZKUtfQ.jpg,1,menu
dGE8HcFrpDx17eyWorRzRg.jpg,3,outside
YLktHUfWl9n1ndVm1r_lIQ.jpg,3,outside
YsmLp41GN0sfWISRxubyOw.jpg,1,menu
lrgvpPVE1NHRuhuF0K0_6Q.jpg,1,menu
twjrFli-udo_QBd3nnj43A.jpg,3,outside
zIHrNKEoYC4Wfk5uMWbw9A.jpg,1,menu
YiK2lSFBLoy2-0h8-q_aJw.jpg,3,outside
JmpcyKR_ccZNmuwie05SRw.jpg,1,menu
eibsn8wTtD0LNpUwE3rhMQ.jpg,1,menu
vyNEcxjJQlrGx1upveqsyA.jpg,1,menu
18xgIhbLPnO_B7eT21mIsw.jpg,1,menu
NVG206_H54TUlJgB-bmifQ.jpg,1,menu
VjF8l-Bh-qmfHm8C_a8Osg.jpg,1,menu
Izbvvnu607SkBmg1MmhXLw.jpg,1,menu
8ZwCv1RloQVZPw1GLvi_kA.jpg,3,outside
US3-jMlNLhhxQsYKZPYthA.jpg,1,menu
MuJUBq68CwIemWBTYhGcuw.jpg,1,menu
6qOGX_7FXiQYq5khjYrY_w.jpg,1,menu
H8noKZYteCrjt4RAatppBg.jpg,1,menu
SinERIHJj3PBGjcNfORYwA.jpg,1,menu
ZtL6ACKm692q0vPjRZ42YA.jpg,1,menu
g2iGlf8_SjdFP1MuvJGstA.jpg,1,menu
_DRwScqOX68inzxBb12dXQ.jpg,3,outside
tSZAcB3tTKuNwGh18VH8Vw.jpg,1,menu
UvtgGdqf8TpbeIN73wrkSg.jpg,1,menu
HHGOif4Ak6m2ajF4Kh4piQ.jpg,1,menu
h2oJnr7LzQVc1f4jCLbs-A.jpg,3,outside
7O2Ygbiun0yMBbXkPCu2Tg.jpg,1,menu
RXkfLeOeg0mPpz7gZDsKjg.jpg,1,menu
GAH8SVo4pW7FLz1nPZaFog.jpg,1,menu
-mfBsyS6fQD7SrjBgn7CTA.jpg,1,menu
uBr5Ae8-4wvpo5HRG_53rA.jpg,1,menu
AMDBFlwOkp8gnYP2eLFOkA.jpg,1,menu
LU5FKeWyG7dN1KSVA0hBaA.jpg,1,menu
fXvzp3hA1i-zm-ugUv2TWw.jpg,1,menu
pYdMmG4c9suwRpQ5euzndw.jpg,1,menu
8XlgJdJL2U23vozG8_aRew.jpg,1,menu
R0M1xNGVFexKVx3zyYLqag.jpg,1,menu
wcY5lgeyLYhZKcDBC3Wn_g.jpg,1,menu
ARTl9PgYJhnbkOIUKGxX_w.jpg,1,menu
C-koTdJqs4hJv-bic2iwpA.jpg,1,menu
mj_by0h7e809ketpoGm_JQ.jpg,1,menu
t0j0DKxALPuaQcHIoh3FQQ.jpg,3,outside
EIn2-TIQSiwWW-01R81KtA.jpg,1,menu
aZsBEJf4D2y005DOYcfeTA.jpg,3,outside
MlORfK7b3fHLmY5vSiw3gA.jpg,1,menu
4yndZAAtKoOjHVW4Boa9aQ.jpg,1,menu
6JEjWISk-ol6sKe4qjO3xA.jpg,1,menu
4G54xgBAbojmKYKwMrQeDQ.jpg,1,menu
BOZII7eJ2xn9XIgavDQ83A.jpg,1,menu
X8htNlBQn2nrkltxD_jt6A.jpg,1,menu
YVIBd7htei16wm9nwoywUA.jpg,1,menu
BWcUb9dEiv4Y9p__0ISqcA.jpg,3,outside
OUiQjFXk9JEvsAOMRwREQQ.jpg,1,menu
AqfzK_bOCdvpW7eWx-WVMw.jpg,1,menu
EG-it-CvyxDuzR3z4SBwkA.jpg,1,menu
s-Bpf7clS2E9ZRdJ6spZpA.jpg,1,menu
XkybabWHPcpYE0ZO-gbIOw.jpg,1,menu
Dy5WekUKyxWla50O0CTBZQ.jpg,1,menu
VDjUYKWD0o2xTwDVpgSVOg.jpg,3,outside
GeNlq81Lumjn5pocoyjA_Q.jpg,1,menu
imUmFeMjzxtq1O3Ha7CgNA.jpg,1,menu
PVAQjVwU9Tp_PEFjQelBbA.jpg,1,menu
0oqmOSwBAfG6PMtgiMnC3Q.jpg,1,menu
-g3b9ZBdnuhG_PkW88ym0g.jpg,3,outside
YqQsRTBmKGvqDNU1Ga1K0w.jpg,1,menu
Pw8Ojxaucy8BWRxV-EB5IQ.jpg,1,menu
vWgmHjBmD4xyxgPclyBmQw.jpg,1,menu
fRU_Swf3HRBGfXKLPnyM1g.jpg,1,menu
uoRc4zbOr27AnOvrlYXOEw.jpg,1,menu
X-t2_pBb0x7MDtRFMqhWKQ.jpg,1,menu
J1_tcFgrb9z_429FcuOxLQ.jpg,1,menu
aMwHVnEXUvxoRAWo4jOsGA.jpg,3,outside
xA1su8ZR4a8KUX--CcS8hQ.jpg,1,menu
g5EKh7oaxLNj6jUVXKHIZA.jpg,1,menu
TO4Ea8QnJvdN3NPS2zsaRg.jpg,1,menu
f3mUXPN-7VkJWZQlku0AYw.jpg,1,menu
ntfIAvyIJfdQJ229yNzsjA.jpg,1,menu
TyO_Ku8oAT5QDLqL6IyV5A.jpg,1,menu
0dboIPhxzRX_1hS7nxI6zA.jpg,3,outside
qH7kNghTur0NutDjRr-ZBA.jpg,1,menu
tWKIMktlgUyqDxVIMh80gA.jpg,1,menu
gS2yrS4kXGwCRbEJK29qQA.jpg,1,menu
DBRqAKZNxxfUjzezsN1cXQ.jpg,3,outside
Jl6ncj4Uj7bdk4M8S1x-CQ.jpg,1,menu
_xpO8UTQP8HJjryBwBrSGg.jpg,1,menu
2biqCQhoZrhTVVEjFCNgWA.jpg,1,menu
wHFzA_fqO4ijwfPUDvbIWA.jpg,1,menu
m8wKBkTqA3Zo_FE8SyLGFg.jpg,1,menu
etIC8X5jhFXQM-3_vvhtsQ.jpg,3,outside
L2B_mPv9bF6qwFIeTUbhzA.jpg,1,menu
MFMkiL4chMzFTnNyrJtdDg.jpg,1,menu
nDV7SC8CVYKdoI5rAqcMQw.jpg,1,menu
XTGJ3muxUvR64dB7FH7lPQ.jpg,3,outside
Mjdx368ZexcVTWHVLH7Bcw.jpg,1,menu
SSvzbQvf0ZtY2Jg-cprs4w.jpg,1,menu
4qI5W-He06hIldXgrFsCfA.jpg,1,menu
evt-By64vp5tNa-4g2f2zA.jpg,1,menu
xTfLEkPioK1deSbeNQYF-Q.jpg,1,menu
NteefxysTsQz21sbVfp1zQ.jpg,1,menu
WUDY239JubRay6MBJZ6s3g.jpg,1,menu
Qt_PoW9RHVlUDlAd7FWL7w.jpg,1,menu
JWnMwWiw5mLx-8fdemUd3g.jpg,1,menu
7TvjOAAlTMaWrZhxq8Qrvw.jpg,1,menu
DcGl5ulq_1TPaVj6pk6ypA.jpg,1,menu
qYwiLh5iLqi2LwtKhUrNrg.jpg,1,menu
QFawaTFky_d-hXRDvU4cWQ.jpg,3,outside
zglf-LfMA1zDhJbqQjGetg.jpg,1,menu
6fHSUyee5eF1iR-fEQNTDA.jpg,1,menu
v_7CZAPVSjp7JTTI_xP5Wg.jpg,1,menu
Thy7iZNKKfXLv02UwmmXxA.jpg,1,menu
c0_NvcERLryGdeueC9U91Q.jpg,1,menu
pvWbQvut18Z8ffPB79Ua9g.jpg,1,menu
0FoULclmF2GRPNaq7_Z-rw.jpg,1,menu
tJlJPNL3lTnnZ271zbLfFA.jpg,1,menu
9Rnso6cLppsYqBGmQTmXAQ.jpg,3,outside
HXIe3jtUncVWASWnjFgDyw.jpg,1,menu
_HuPL1WmUDg_ipEYP4lR8g.jpg,1,menu
1PE52eVk3cZmkB0xPiekUg.jpg,1,menu
TNFWX4WBILAKX3jKNuFlHQ.jpg,1,menu
Fl4je3JGtt2h_UwrKo3xMw.jpg,1,menu
2A7Dbe6BTYw19Z2EE56jDQ.jpg,1,menu
3n53d8HT6wpipFpHguJ3Fg.jpg,1,menu
pwihbZ9fmidyiDwE0WUbkQ.jpg,1,menu
194HmXJ9exlEfTnGi9gHug.jpg,1,menu
qvs-6H6ZbWR4pk1PxBCvBA.jpg,1,menu
7IMcraOks-tQ0axKhUHeMA.jpg,1,menu
X8qwK4bC9ngmZE8ROydyXg.jpg,1,menu
0QR859wJrk5k1E9Q8zQSQw.jpg,1,menu
gruQ1xtkCJDWKEonY-Mwvg.jpg,1,menu
pCdK7QwN8Bs42mSfCBldtw.jpg,1,menu
FGMJHn0-9--z8qhYXFASUw.jpg,1,menu
cT-y5OYqQ81HBn6J7cZBoQ.jpg,1,menu
lQ1dLpP5pxDeMddpAWUVLg.jpg,1,menu
v-8MBq7DczmubQ7auUixhQ.jpg,1,menu
k56_DxVIm6M--Yi7XQxCRA.jpg,1,menu
ocoG4guxc8UZaIal7x_P-w.jpg,1,menu
MRQkv85Flv2-hr9Us9RD0A.jpg,1,menu
kZ94oIfkXRrmoOFCk37nag.jpg,1,menu
nC-Mlrqa8lI-ZWNqhhTg9Q.jpg,1,menu
cRJp4H-v2qyntX7RkmZEZw.jpg,1,menu
_OcQ_k80EHmS0cjKcQ9hWQ.jpg,3,outside
ftI9oDQ9gdtedN-8hoexCg.jpg,3,outside
us-U6mNUv7W79B52_TiIGQ.jpg,1,menu
iKK5H9CPOy7wUyLvmCbxWA.jpg,1,menu
wKCGPtiC5Eya1HD2j4_nhQ.jpg,1,menu
3wPVeh_31w_Vh__gE1Xwpw.jpg,1,menu
JY4woEHYDj7Kpuho95FlEw.jpg,1,menu
XCMaSXHgRhtUQtyrlYX5Jw.jpg,3,outside
8vS7-HXAJNl4qCSTYtYuDw.jpg,1,menu
wy34_mYwEJpvYebIn6G_ng.jpg,1,menu
D2lI1vDHylKyeS97Jz4hdw.jpg,1,menu
1xGXsfVIkhHnrE9MMzmyWw.jpg,1,menu
OfxclO61U-V3E_6-Y0UCCw.jpg,1,menu
daVJCuHM7i-0vjnlKGFryQ.jpg,1,menu
UaIbN6LPOaYxInkYKtUcAA.jpg,1,menu
iSK1_HJ0wC8aSoYGIJ1gig.jpg,1,menu
z2OmHE6w1VQYvoV6Fsukyw.jpg,1,menu
FByN9aUBfQF7r_WtsCqUDw.jpg,1,menu
xVfXpwJkUMHv1pwnBKa38w.jpg,1,menu
SKWMPVI5Xrr9p1IHJZSg8g.jpg,1,menu
RmnatlHLqlno7Vct4WIC4Q.jpg,1,menu
QmhHrAliZ-zS_qJGFVzFRg.jpg,1,menu
8Df8BI7RGrTSovbkozA07A.jpg,3,outside
dW6KkiVHWFn8YJfh_k9IxQ.jpg,1,menu
jWdF7G3y_7T2IfH5dDoyRA.jpg,3,outside
8L1WNgped8p7e_rPXaHRWA.jpg,1,menu
uUYaa6qDEyUPbbDdw4rDYg.jpg,1,menu
ULKVE2jPg_7dp1lupbp9bg.jpg,1,menu
WVBj5DjTp7rIMhyExHPuNQ.jpg,1,menu
rBN1JkF933qnqnEyIIUqFg.jpg,1,menu
bjkKBINFPbG3LOsZUpvscg.jpg,3,outside
JWH2V7Jmjt_Os4k0df5QbA.jpg,1,menu
0KbjFaSas7I7DZTtDs7vUA.jpg,1,menu
aLg_6Dq6mSn1vfMt2MLqqQ.jpg,1,menu
xmg9xMA2A5LGFhbOIFK9Jg.jpg,1,menu
Ka8MKb7uYgFjyaYZFk29xg.jpg,1,menu
1mEsXzSFgPphavKDSTvUdw.jpg,1,menu
jGkhp-9pujIt4TsuANwArA.jpg,1,menu
xx-0mb-w0y_OTvqf5ac1AQ.jpg,3,outside
-qthG5tbfxmSstuv6N5VPQ.jpg,1,menu
gLKTo24Ja3xv7a12iY7fsg.jpg,1,menu
TWvqJ-86IPwWP3FY7KN2tQ.jpg,1,menu
RbZ0oE_tV-KrJaMYu9BJow.jpg,1,menu
HPXKwdDNwJxxYZwFcGvQ4Q.jpg,1,menu
j5yn2JMfpJlbsT8NolEAxA.jpg,1,menu
Orl6oNjUzB5-W4xiZwZNHg.jpg,3,outside
U8xks-XpfePrx0wjtiTtDA.jpg,1,menu
VfFu4taHPSoemGsjo5Vr6Q.jpg,1,menu
1W3PHgoK9yPP1DR1EmpE7w.jpg,1,menu
KSt-v4TsC1E7a-DR79ETng.jpg,1,menu
akKd7O_ep51Q6dUJX_1ZhQ.jpg,1,menu
IBy-xGmcEYTJNIw9pa2Unw.jpg,1,menu
DfG3iNI8k5FvsYgdtcxomA.jpg,1,menu
mLCvpWrGOP0pmJp-W2xEbg.jpg,1,menu
stUmoWB4PaBYgkpbO3P_rA.jpg,1,menu
LC58Y8NSyjmEhhmR3V_i_g.jpg,1,menu
VgbUNP5UfbGN4lZH6QQNxQ.jpg,1,menu
pcafj-6olGsayM8dcPHjbw.jpg,1,menu
VD3BEFUb7ky_EFenBoaFGw.jpg,1,menu
dVCAuCzprxe8Ahz1pJYGnQ.jpg,1,menu
5f4AEb8NfXGSfhC3X-YxcQ.jpg,1,menu
wQW3UbZ9w2qg_nNvQFycbw.jpg,1,menu
P8OO3xgHh-JOhKqwo25xcA.jpg,3,outside
80iF9-Qb4nJ4lhxl7Rphag.jpg,1,menu
1enRkkAseDVEseA5V98e7g.jpg,1,menu
lCQZ0Yu1f1dDjy_uKjVm6w.jpg,1,menu
cqwrnWCLU1ijnmOuu4BKrA.jpg,1,menu
_1W0nl-Lcr3OgU2N1WQouA.jpg,1,menu
Ulo7F_L7FNEZNvi1jPg1EA.jpg,1,menu
TeU14CbqBjzMamCkbF4a1A.jpg,1,menu
GCTaVN8Q3-3k7lj7DbeMgw.jpg,1,menu
w55j3J-x7aaavdW939QMMw.jpg,3,outside
Mf6W85ibQUnv-VkzJgjylw.jpg,1,menu
Om4ki7ToNsF1deQVgJvF4g.jpg,3,outside
_L5VCvOY-bH7ldQpvBRw_A.jpg,1,menu
qtGXbL6SnrhB3BPzEM98-A.jpg,3,outside
vAA9WTLk6gpKMw3Prearmg.jpg,1,menu
Xa-jZQJ_XH8_JZsglwEfYQ.jpg,1,menu
IpFzfQaetiamy2Psw5FwoQ.jpg,1,menu
33kBR_8Bua30tRm2HWHyGg.jpg,1,menu
70nGhsM2q7WDvVl-Tg44Bg.jpg,1,menu
J5e9wu6AICw7Fs5AJEwHPg.jpg,3,outside
7hyVw09BdM1w_J9BvKTIgg.jpg,3,outside
LrHW-6iIPt2Zl8QOqg3kmA.jpg,1,menu
FR2FKUWuzAMgudIg8ZvtBA.jpg,1,menu
IyBQXL3NeThsWdJ5MLtf_Q.jpg,1,menu
7vHOMKWedzkrP4bEmUjeLg.jpg,1,menu
qc3LqL6NsdD50FlFdfKy9g.jpg,1,menu
FOksoH8PM7Sh-fcWEtpS-Q.jpg,1,menu
-eZk-Pba2kOKq5W6xaL0fA.jpg,1,menu
hXBySc730VF_3BIme6YvRg.jpg,3,outside
1RcX3ti9XdhxoDNscx5x9w.jpg,3,outside
IZQzHM2xujjbMZn11SOVHg.jpg,1,menu
9PWH4bP3y1Zeq7SVByf0OA.jpg,1,menu
Eu-yPlSynkOrYoC_ErUOHw.jpg,1,menu
CVSkCdiYrDYp3QPu8lP__w.jpg,3,outside
C_ZDueRWktX6-J21i7BWEg.jpg,1,menu
YxEyDf5SOd8vSRRYPxVTFA.jpg,1,menu
2hf4XGOaGQcoJEjr10LPew.jpg,1,menu
IU720LVJwfe7TpCStJT6Kg.jpg,1,menu
fASPZET41uoDGaDQoCP6pQ.jpg,1,menu
_CymYK8EgQzmrgp6EgNsZg.jpg,1,menu
aoUDfRtawU_hh2nkNql0ww.jpg,3,outside
BaEJzM-nsoH79ILleHRHBQ.jpg,1,menu
YpYoDR3EYRwSbQEXzJ_Guw.jpg,1,menu
O93-OddMlRElz-dMXYhpDA.jpg,1,menu
E6cr2Bmu-YyAtYcT41KbOA.jpg,3,outside
40V2bTSRt7Ii9cU-mZ6keQ.jpg,1,menu
5eqjfJ-RGhxkUczd7b07Nw.jpg,1,menu
_XITlzaZb6r6b81HKmB1fQ.jpg,3,outside
8U7fEXdD9weeTlA7Hhn9cA.jpg,3,outside
adczaSGVn077AUbZdL30Og.jpg,3,outside
coUA9J86dR0WTnHtWXF-Ww.jpg,1,menu
fStOwZu2K_aQNdl4ADfSOg.jpg,4,food
g2IjonM0jpIT0d0DCdWGbg.jpg,4,food
6kSmXz75Pnx0h27xMfqyqQ.jpg,4,food
b103v8TGbOtve84z5d_Y_Q.jpg,3,outside
4wJ2mIexNSie2xEDYzaFDw.jpg,3,outside
BIkGwJEE3Vnsx5wioAiGLw.jpg,4,food
mTEfzFTm92MhgCO-P7cbYw.jpg,4,food
YVQrEtVM3dLd5lI1dHS1XQ.jpg,3,outside
sNjCNCcSm1-yNw3koIRG2g.jpg,4,food
qpevh3cc65n-sGNnA4rgbA.jpg,4,food
l6YfsAHUxN2TUa5O2fUM9w.jpg,4,food
lztux2dAj_UHRBVbSTcwow.jpg,4,food
BiOqew_aIiTC1HoUY41YKQ.jpg,4,food
fIHkcKx1WdII8Ky-73RIhw.jpg,4,food
zvtRkAS4eBlKY_a75nq1bw.jpg,4,food
g96eeMT9xSHBQa0kZXpZsw.jpg,4,food
OdmwEINWvUTuST-GGHei7g.jpg,3,outside
Xul-KC3YL_V-KVA4MhfHUA.jpg,4,food
cw4PLvwt3vUQQVP9IxCj2g.jpg,4,food
eRHNDv13dUbT6cBXj_7YUQ.jpg,4,food
VMGJ1hTc3G5b4EAkvkNrnQ.jpg,0,drink
kfjfW-Giqcv0ydPXdnn9Sg.jpg,4,food
NEIEkg89ADZ2LaykoZ3pdg.jpg,4,food
73Se5QyDgCuA9o55RevZAw.jpg,3,outside
CnKgAZSnpM6gmuG4Bgu5tw.jpg,4,food
893KM2NBddVGgqsjI_f0YA.jpg,4,food
BGBAVqxH_VnijZsj4dw8TQ.jpg,3,outside
3sUOIukXRsHDDiMXqcrxBQ.jpg,4,food
auakwDrHtWPO3QHky_J_mg.jpg,4,food
3HpN8LiDKMxfTVJFD-12Ig.jpg,4,food
xLJwC8TM8vJplb04g_nCyQ.jpg,3,outside
8Y1PuLc2nMej74jN4_XpwA.jpg,4,food
h85S5O5JYYMAnXyx6GztfQ.jpg,3,outside
5BIgdsj3tl3eBVfRA2EvkQ.jpg,4,food
G604lsq_JjkZW--ZL4KQbQ.jpg,2,interior
fx1MqCAzmSIfqpSSgkUlGg.jpg,4,food
8qwQVL7TBL3z_AVhAnX2bg.jpg,3,outside
IgTDzL--mzdqAdbJwqgbZg.jpg,4,food
1j7fef1X3ftsM9iBbbW5pw.jpg,4,food
OJiP9uwk-3gX6fWMWIxTqA.jpg,4,food
lA-SV3hFFtltJdO9A9yBiQ.jpg,4,food
0wNeFQ951e4NilZzBXuOQg.jpg,2,interior
UDAj6E_dsk_x7A4oy34b0A.jpg,4,food
47xR2-rej-hhmPn-p-0lTg.jpg,4,food
EZt7yk-zrsw3L9lvyVNC8Q.jpg,2,interior
A9n5-N9Dcj6FjGClpq-LXQ.jpg,4,food
DC-kMo3mnVhqJBywTH2tlg.jpg,3,outside
v88EM8_QUTSs4qK8mYm8Ug.jpg,4,food
dXxAzzJ2qd4S5VuHf2LFEQ.jpg,4,food
fWMMaIiqnSN44npeiB8wUg.jpg,3,outside
0BzFiL4WJnbCXPaGuBHtVw.jpg,3,outside
qPwRSqZEviVe26svTi2isg.jpg,4,food
eabrp3FrSu7QfcTtMs4LyQ.jpg,4,food
htSXNPtO3_NYU9fV6Vicgg.jpg,3,outside
mEetRgvDCkJSj6Nl4cqwyA.jpg,3,outside
3OPVYY7bolrh4RYhCKITFQ.jpg,4,food
6GTrZCahELWv9-kQgYlyWA.jpg,3,outside
PWkyDmpHoayJTSeQmaSAXg.jpg,4,food
GoFB2FaB32T6A4GVbZhkMQ.jpg,4,food
oEwjVfF1p4RcE3hnCWHc2w.jpg,3,outside
MVIXY67ZQlEwnB2Xy7ZowA.jpg,4,food
dd2eAXLTdkRMqluz9LdIvQ.jpg,4,food
L1TXaLz11BfdGjdkjpvihg.jpg,4,food
3rAbx8YwmA2Qfkihl8cIOA.jpg,4,food
JLf-dmilpLLJr7Zy4SQpwg.jpg,4,food
lOUL3q9UHqjHmy0zwRy1HQ.jpg,4,food
xvy0olez1ufFZk6J8j8Wcg.jpg,2,interior
qSpnYhUC4YDms5jQ_SL5tg.jpg,4,food
sf3Vcp37xriDiv59RFjP0g.jpg,4,food
o_qXaufwzEbY92tjPTQOsw.jpg,3,outside
-aQkSeAdYA88hENOMzbgdw.jpg,4,food
HCXRfRE3LZV16RzvGcpfSQ.jpg,4,food
DvG14bFLuK9VTO1Ss1eNQA.jpg,0,drink
WiR7vds8ncy0fq910lChmg.jpg,3,outside
pv4bxmrf4h4Jdy2AYdoLcg.jpg,4,food
NGEKEbvC1OzcFZ3chuzjEQ.jpg,4,food
jLSgOGwHjDyRyDfymVwLbQ.jpg,4,food
Ee89-ZgfktlHiKJSKddtDw.jpg,1,menu
1ZQJFAJCqYqI5vXQTcT3cw.jpg,2,interior
DZUSdML0TwKrs9ccXvQZ9w.jpg,4,food
HIKVkCrm8eipPmymDOk18w.jpg,4,food
T9vouowe7mWVDy4gc1dKNw.jpg,4,food
dDAXI20V3omqrFbOmQ0Agg.jpg,2,interior
u8F1V1KVbyesc9ftWXtzNw.jpg,4,food
PBrnGFoiL3NDufL7efDImg.jpg,4,food
JgXyVrL8SKv3Nw6hKzRYqA.jpg,3,outside
uwRcufTOwUV7TpvJLfhRSg.jpg,3,outside
7LNP53YgktYcwyhNbpx6bg.jpg,4,food
qjNd6Ei96PfZyNpMasHnuA.jpg,4,food
nnVnDhQR3Vm5KvWbCXxQUw.jpg,4,food
nTzrQYJSQ-yrxM8P10MbZw.jpg,3,outside
HrGrxptdEY5Kf443V_dm7g.jpg,4,food
l3DuAPNjfWWK5eYcV5z-8w.jpg,4,food
5EidYo0K1Ga13dPJ-G2ifw.jpg,3,outside
AyrzzAsMohMVfRKpsL37qA.jpg,4,food
AwVmiMVG9PrhFQ9ZVqIhqg.jpg,2,interior
APbJPZ_JCpd-2I1JaGxfQQ.jpg,4,food
mAjT8b1R6k_M9PnqMupo4w.jpg,3,outside
FnZK1lxJQ3ZhE_GFHIuGuQ.jpg,3,outside
aPTR2vkcAHEbHrDSA9Wc5g.jpg,4,food
4DHgFWK3ZfVfn7QF71kFuA.jpg,4,food
0MH7z5aWFLUj7VsHEFszHg.jpg,4,food
Yj-FaoKdV65rb6nXbHIFTw.jpg,3,outside
9b_KLutfCxkzV3M6eNhudA.jpg,4,food
gCZGfJJ9qQog_M41V1V3Kw.jpg,4,food
vGDdpZXDgA1_wsMjcCHr1A.jpg,4,food
s8pn9ubNE9azUVbDf6njTg.jpg,4,food
QOYbax6zYCGfmEfz6GBtZQ.jpg,4,food
7iVU28EGG47dkrqG-l7a4w.jpg,4,food
trTHfwNN5WBSurW8TVH4LA.jpg,4,food
vMV4uyHaTtmsZsdmkd3E0Q.jpg,4,food
CXIvXL0MpYYIGNjfX3RJWw.jpg,2,interior
5NKCr3jbDJLQlANQQixUyw.jpg,4,food
ewkg_7SOyHc07kVK-ow2BA.jpg,3,outside
_lRGer-qcbQqMUMpy1KtsQ.jpg,4,food
Kvdb4SZ6WOjG3eV_0YmnAQ.jpg,4,food
nGpKjrw9I-i89UFffbDscw.jpg,4,food
bFRgUtExDHMHXpUAm1NQ-A.jpg,4,food
FNir4AOpSL7z3ReJ9PyrlA.jpg,4,food
5vdkh_jF6wc0JXX1ya-1qA.jpg,4,food
R9RcYhPM_BOvxx18Kuxtig.jpg,4,food
7ZHCtwTGoWlvBbHF5u_72g.jpg,4,food
_R6qTq5Gq2SzSNM2qccYfg.jpg,2,interior
MHDpIVkADIcrTMd9447Drw.jpg,4,food
Z2a9P_jGfMUv4uJPabkOeA.jpg,3,outside
OzOZu6oJVG5o4Pb_NmeeCQ.jpg,4,food
3jtohQq70y0qMGUsVPj3yg.jpg,3,outside
eP2kSSOpG1sAZv_iVYwF6Q.jpg,3,outside
uuTbqOUG8aLhW7jWWG4lTA.jpg,2,interior
dAVGnY9pCIfSvZmZyffjNA.jpg,4,food
Mz5Gcm9PXSIosQf8eWL6hg.jpg,4,food
nHuMdXHPoAQlblLRRAODdg.jpg,4,food
ks4lyJcD1idZTDJKiMjfmw.jpg,4,food
VH2mkPuZrct7kV8N4Pi9tA.jpg,3,outside
L183lwcU-mQsfFu1h4Vu4g.jpg,4,food
vrHvQwgDBy45GnlRO4DXzA.jpg,4,food
hzEfbB-VdhidqFfGIw5DYQ.jpg,4,food
4k-wJrNydwmU0wRpOmDGNw.jpg,3,outside
VuT144U6EQsNx_EQyy-I_g.jpg,2,interior
iknOLWxq9juZt5mcpFeuHg.jpg,4,food
0vm7_3gq_SYFd9Zo4E94bQ.jpg,3,outside
PMvT96Wmr9784xAXLc8_3g.jpg,3,outside
g8Ixi4JGKK07_Z1-NHwzJQ.jpg,4,food
pXETjm7sGi7dGI0f7uvShg.jpg,4,food
F4j-BlYRv8tU9Z26oS5nPw.jpg,4,food
-OQjgx4ETuytmcoWk2UIrQ.jpg,3,outside
o9dfSz0-ofdcfeoKyrQ79A.jpg,4,food
xUhvrLMuZ4hZkdjTpII49g.jpg,4,food
tR6GtDjWWnOi8zPwU0SDGw.jpg,4,food
PC69Q9WjjUXdrVPM2AVBvw.jpg,3,outside
K3edjkBLTPfnNdRUjrJGYw.jpg,4,food
2FSryrc-yymBlDud6rO27w.jpg,3,outside
_nSbcVqL3v7DpK4JSnUOEQ.jpg,4,food
nQKq20Qv_BpS8mU2S6bAsg.jpg,4,food
ZcMAVZ_UOgOchQmJxUuYvg.jpg,3,outside
qtHhdSKbyk9Tt7-kwnPhRw.jpg,4,food
oQnBaGgFZPen1GWNjm31BA.jpg,4,food
4ZE05FHfN9Qj0axSdbycaw.jpg,4,food
Onj3sO0DnBV8QBYs9HLkEQ.jpg,2,interior
6bcmtJVUaNcVDZ-S89b9Yg.jpg,3,outside
l7bI98dI7NADBly34DSlww.jpg,4,food
NDvuUwxOetSiKb7XX2RbFA.jpg,4,food
UyRk4RBrBVKohp8Rmwre1Q.jpg,4,food
Po8IKfFRIKIDNxJQOv3ihA.jpg,4,food
g6QVSVbrQh81cwTFdLtTng.jpg,0,drink
DMjVNHumF-twn2gOqOxyqA.jpg,4,food
Vv4nfpXQvzGzbl5znr0QUw.jpg,4,food
sm8NGGexvwnzfkYUTKPwFg.jpg,2,interior
5WMhoVdIAoRfTsIl8AI0PA.jpg,4,food
6iiZSdaqKeknL_0HC4-4BA.jpg,4,food
Rmy_6qkT96HkK9IQWOlyQA.jpg,3,outside
UY0ufEaoEAPm8OEEemFRjQ.jpg,3,outside
UqnRcUlkNPxz97EJH_VSfw.jpg,2,interior
tyGRO491J8avEs-B0gqgJw.jpg,4,food
cG-deK2MQiCUSs4kUXz6MA.jpg,4,food
UQRWD64-hKlwTqMqbvBDLg.jpg,4,food
sDTCqN84v1tYgnMdobD6tA.jpg,1,menu
SYe1LSdFvm7RPVRbWZ9dbw.jpg,3,outside
gJs1o5GtSdnjhy7YyAB40g.jpg,4,food
9Cb1TXeERj-oH5Bo0JFLaw.jpg,4,food
1CC-TXlA0XvfOUGbSVknWQ.jpg,4,food
Vwb04jBHzZa6yolQbS3aiA.jpg,4,food
SxH_VJ4Xkjva6fdnC2duxg.jpg,3,outside
M7FC4JFcHMOCznfhn4_RSQ.jpg,2,interior
m2AP2zS4Ybn-RodO9hoPxg.jpg,4,food
t9er_s8ohqahlaLwe-supg.jpg,3,outside
YLhLX_7cB9AAvfGncbkNjg.jpg,4,food
ZIdzVHnRrMt0ElNgJkT-Qw.jpg,2,interior
2VW6lDwTEk6wInNzzZYWPQ.jpg,2,interior
DEG89D5A1mFVR3JVe5pebA.jpg,1,menu
GB6HPKSzDJmoMSl9td28XQ.jpg,1,menu
jc24EvCFkMV6pfH5jSzjIg.jpg,4,food
yUSCI7NoSzyPqh7TcfQz5w.jpg,4,food
1XpPeLaKHMJq6ppp_su9wg.jpg,2,interior
Af8Czhq3hPo_422ssAI14g.jpg,4,food
w08cgbVxV5rneLgpdnH7pA.jpg,4,food
cgbYb8z2d274H6JCAjz10g.jpg,4,food
Dc4zuy5-I9fJe7yEUeOXfg.jpg,4,food
rDmKHKfqVxB_rBZ0IMsNsg.jpg,2,interior
94KMbFauycXSfHgxZKb_lQ.jpg,4,food
c9bh5ZWwwIIClNMdwCSkpg.jpg,4,food
DEw9hgs1LrvTV4y2pBaHAQ.jpg,4,food
O20DuTYTFZrdDpsRxPKoWA.jpg,4,food
i1DnBCZSzvm6n5iGuBa-Bw.jpg,3,outside
_kWH8hQ6LdT9XbI8TRA0iw.jpg,4,food
_HJ2Gw3I75HgxES_EMLuzA.jpg,2,interior
HvYWMrLTkd4kBq4QqDd5dQ.jpg,4,food
fYhbofyttEFXyqJz4af2Xw.jpg,4,food
j4yeSTX6Yr2L2ZIUy9woVg.jpg,4,food
Q6CrMsE0s1durxZAJxKrag.jpg,4,food
2DgDKuejk7XjtqBpYSQiKg.jpg,4,food
UAPWHGLlMeUGk897HvHVRg.jpg,2,interior
i6hQ9sU2rDxG_Exiv4Malg.jpg,0,drink
28y946YSOGW6HVaGbyHuJg.jpg,4,food
4hq9HmfTnJJZCoyRZd4o5Q.jpg,2,interior
6cyx_3jST8lNCUZv_Gsoag.jpg,1,menu
V4h3wWB7PGwHYCNszO6geQ.jpg,4,food
41YqFgZZZwF9KIzWd8oGrQ.jpg,4,food
tk_eB1hLuPBuZgCE2fRBDQ.jpg,3,outside
tXKoYVAJzjz7h1SS2K2LRg.jpg,3,outside
zoDFgS0XILtYnodfwgEAfw.jpg,4,food
2murNx8_tdwYg6p3dBt6CA.jpg,4,food
g0Jp5V-tBikf3e4Kk1MRGw.jpg,3,outside
_6B-aLYYNQuVQ5va-0GVBA.jpg,4,food
WnHnjYmcCm7Z0eheLHoAGQ.jpg,4,food
FPRz_u3NA8KTyH8UV5R7Tg.jpg,4,food
Fk4Gz3X-hgS-p0um-80Izw.jpg,4,food
yRcvdnUtDamBTK9NkcFpmQ.jpg,3,outside
qNpZC44TyVysuoDJQ70yjg.jpg,4,food
GLk1X8sO5i98hX7BC5qSLQ.jpg,4,food
XYGMHZo8eyPBrcHjREl2Bw.jpg,4,food
MReV89XvxlWw8gC7niIrQg.jpg,4,food
FZDhfPMTeMEPgARPnZmShQ.jpg,4,food
2bsjcQRJKQ_cOJ1_25AR3w.jpg,4,food
ItGjZD7Ylf_I6-pb3waR1A.jpg,4,food
6LTC9Ptsc69wbCbISBDu6w.jpg,4,food
5fEbIenDvz5u2EU5q-cVUw.jpg,3,outside
omKn2NyQMwsivaTRU_BfvA.jpg,3,outside
jqVev285S7mJmnm8V1-8Ew.jpg,4,food
zn9lU1anzwIzJZ_MVpfCCA.jpg,3,outside
XMGCXszPsC-f764MCx-Wsw.jpg,4,food
f6FTwKTr2eqpwMoQbGq94w.jpg,4,food
cRf5HrnRXfSQdO_ysNFRlg.jpg,4,food
qgeEf7vPrIxYaUaQsqpxcw.jpg,4,food
nV56VmvzmH3ZG7I0ilWHQA.jpg,4,food
mlKU432il2bEd1zRZtNmyg.jpg,2,interior
uqI5j_0xcdq4RhKisYLUMA.jpg,4,food
PAlgFdB8fdY8sY-EF3Pcmg.jpg,4,food
HMyf-eu-dNLTa8hFY2sHrQ.jpg,4,food
vZG93vjgxAavCkUC1F3Zlw.jpg,4,food
4fxYR-jF_EcaMz4l4O7ZXA.jpg,4,food
jMYMnUE_PUK8mUcbAbBUKQ.jpg,4,food
FPffLeGKK4DywX-XnCI6gA.jpg,3,outside
z9ZAJSdyjulpRD7QJf1_hA.jpg,4,food
YcIMPNjNhK4bqJgpHwPvmg.jpg,3,outside
-CgswXMKgIF8bZufBAoyPQ.jpg,4,food
snITrN7U5RwE2uIl5CueYw.jpg,4,food
rkJGrL1duAzkXuzoi-PGnQ.jpg,4,food
dzlddZ0lWIj8CgcUcJMQGQ.jpg,4,food
buchWOtDi5cwWkK750_6Cw.jpg,3,outside
XOIkBKwnaZrcmbkFgFrxkQ.jpg,4,food
g3RUhL56A_qYOjIyWBttAw.jpg,4,food
RMvnfPJdzICGoY2IR0io7A.jpg,3,outside
ZqgzkNslNemYqrjD_UPMUw.jpg,4,food
AL_m0OfknSrtOou0GBVHvA.jpg,4,food
N2XmehRVFk7xiKgJeNAPew.jpg,2,interior
RfilIQHdz3omb5tn6qgN7Q.jpg,4,food
cXA-CLl4MoybRO3ar6AGew.jpg,4,food
TmWvjUk-4QkIyM7ZZ08tAg.jpg,4,food
iTGDoKyqNC-e1QfsMbyRSQ.jpg,4,food
UjMcbCeF73xWMwUoQ1hIPA.jpg,4,food
bg300MH28uniTquWD9LdSg.jpg,3,outside
t0wrzbKhvi5YewlX0moSDg.jpg,4,food
3JAo1QJaN0hJXCDAwKXtyw.jpg,4,food
rj9IJI2DXzolhSpqB64KbA.jpg,4,food
StYzc8X09xYAuJZvjdVvjg.jpg,3,outside
s47AeHA5AiErdtK6Oqb4LQ.jpg,4,food
dpO3DtALTCkNdtdPqLS5Pg.jpg,2,interior
fYjx6mM2Z1j5TaaxMWJk_g.jpg,4,food
nnZQWVx4--OA6CwoM4-gJQ.jpg,3,outside
ZWRECyPko41XI9BJqz4Ucw.jpg,4,food
rTLD_V23A1zVwQFDmYz8wA.jpg,2,interior
UUTXjxKLUGl-hCLNjg6JYQ.jpg,4,food
L7frf2-lV4VSVvq0sJ2MWw.jpg,4,food
H6uweHHFiX6F9uEtR0vmRQ.jpg,4,food
O_7hInWZbZlMLlHAuCaqqQ.jpg,4,food
ZEU1pX2wMkavfw9klrYOWQ.jpg,4,food
j4y3KzJDaBL9vquwuxlFFg.jpg,4,food
LXC40qx3v08vuCpY_ckOTA.jpg,2,interior
d-1OTS9-6t7lYgnVkITZbw.jpg,4,food
PNtYcZ4otUPSG2aPuOxfJA.jpg,4,food
r5Qra2GqrqCHjw1Y7LX5Xg.jpg,4,food
0HqwgyqNceOejoW2yzz9NA.jpg,4,food
q5_4W4hbjwSXsQpBq7KZFA.jpg,3,outside
9MRl3hdcoRkdzpr6F_kpcA.jpg,4,food
-LYYjqDl23mkyktDAiI-cQ.jpg,4,food
YAUCLceTTEGzt23zAos9BQ.jpg,4,food
Fj4fOmLqcjA_-HX_jYxnDw.jpg,4,food
gqVRb8al8PZeMncFc0KgZg.jpg,4,food
2S6dFgu7uLg0FN4WLXGwbg.jpg,4,food
nb7kcG-IcTrUyX_catisOw.jpg,4,food
1XCVIlleWlJ8zm3ddcKPIg.jpg,4,food
FSrwH8vuIOmf9Stuwd2ymg.jpg,4,food
IEejw_1pJ4TUpDmkYWujMg.jpg,1,menu
EqDvLoQOly-MIA-KsbJWEg.jpg,4,food
NoXtcpFn9_GGybMSI4fbBw.jpg,3,outside
D6you9p2iBf_TrltGoyLlg.jpg,3,outside
Rh2eYonGDoRzYjMPLkVdRw.jpg,3,outside
PXXpQpG5MUCXgDnPi6vzCg.jpg,4,food
Cwk1j9kMjsmdwDxWZjWNQA.jpg,3,outside
3IJ21AntKbPxDrhoLxbU7g.jpg,4,food
ZXlbQ5qFBhiXqpblTEuuYA.jpg,4,food
QsACydNwHMbDBwqiQMvGgA.jpg,4,food
e8vvxHvCBs60SXHzCM9p_Q.jpg,3,outside
L_6f-NEcI9g9H94TOxY6eQ.jpg,1,menu
cIs9N-n55p3LOXIxNU5G9A.jpg,4,food
LnunuLGy2hrkHFgOai9xxA.jpg,4,food
G5NXdbJ_KlYUPOuGClEwUg.jpg,3,outside
Bfc24saidQa3LNqlmejHKA.jpg,3,outside
tIn436VQmyPmbLK9wRQLtw.jpg,4,food
BZnocieB8pSU63oP_gG28A.jpg,3,outside
B8Mydf8DkO4rtXa6nX4C0g.jpg,3,outside
_i1asBIB_hp5wV7aqM6cTw.jpg,3,outside
QsGzXWRip4jJl1CBgNClZw.jpg,4,food
6VUmPCbCEJctKNYvMbIjeQ.jpg,4,food
y42O2_BsTiAT5XGNFOgbCQ.jpg,2,interior
FbwExLU96T4DvV-cQf_erQ.jpg,3,outside
ScQU6GAHUy6HoP-yn6Tj3w.jpg,3,outside
P3EcQSmzV-EyCgNB5caH8Q.jpg,4,food
Vvo7ysNdbl74evcF9INffA.jpg,2,interior
_RPLMqD2zqe81Pk-yMWVrA.jpg,3,outside
sykZAbD4GXTIKexzwxnZqw.jpg,4,food
I_-pm_Z5inFjvLteBZBkZQ.jpg,4,food
Z6FrXLStdkp2cmZrzbRTcg.jpg,4,food
GlvfROTG-yy8e0HQ1zV9Mg.jpg,3,outside
SQaPfda8tLyyah5RpWjo3w.jpg,4,food
YHNAl0ZAnhdmH-UUYIGTtg.jpg,4,food
jTc6rQSMKprfLLnwrDAySQ.jpg,4,food
ONVEPEJRhRLtaoxLasrMvg.jpg,4,food
ELzciP9Nk8EUyDt80XGowQ.jpg,4,food
2sXTYeVPtPRJGSe0qv94eA.jpg,4,food
6CYo4dAyfe_FtN_CYjuFkg.jpg,4,food
SVxaIFkB3OdB0z8F2jO5gA.jpg,3,outside
pGgf2u2CQzyA66z-9tMqBg.jpg,2,interior
JpP9UPZ6Msv_ZwHazS1oFg.jpg,1,menu
Fil6bDgXor1IP9j9Yz_-4g.jpg,4,food
dESJi9DqHXk5lL4UkkbzpQ.jpg,4,food
JohR7dxJIHTBi4v2GxMfWw.jpg,4,food
MdU_8yTH8zNrVzBtkICLMg.jpg,4,food
vD0doqxCtoUkIN7CpZT2LA.jpg,4,food
835kJmUuXDfDxFVEVVG5iw.jpg,4,food
ZzcX97wfh10Ikq46CyP3kA.jpg,3,outside
94vTg38hYExoqaBL3lsUsw.jpg,3,outside
qogAfSwHHc7YhkHhY5rtGg.jpg,4,food
NMAmaiIQi01SM7qopibhPw.jpg,4,food
mKG-i9G8UJ8zOs98M0tuvQ.jpg,4,food
_Iq4COju-zYGWuG1G5thiQ.jpg,4,food
kL17rMvKsmrfQ_t0YUJ4EA.jpg,0,drink
2vgob4AgVYan904bUPoU8g.jpg,4,food
GsD4RIIbPtgodgIJg8LoFA.jpg,4,food
AHeipomhf2tkLtjUVij2Jg.jpg,4,food
ZVXfyNTUs_KbexVJarpCRw.jpg,3,outside
SsuIANMnCmrppsAfB-NtnA.jpg,3,outside
Og8PWnRsJQ8LAsJNnZuSWg.jpg,4,food
1_h0HErJbsgIHgFO0O9Dsw.jpg,4,food
9Bu2PmMpbuqRLfRuzrrCnw.jpg,4,food
_B5LEY2rQFkpaHflroZrKA.jpg,4,food
Dpj2X0NOh1wmAk9SvcNOrA.jpg,4,food
9TLu2xD4LgNx5SHAIcdIBg.jpg,4,food
a2FrX_gt3O0LSGWJP8OdHA.jpg,4,food
K2zfpxcUJc_ZDL6ThgB-2Q.jpg,4,food
mBF9jaozB0JnQ1zbPgGeFA.jpg,4,food
ed0cK1pNQGmIWjPglcnH2Q.jpg,3,outside
yDEqBOsCE7Did92MKYewuA.jpg,3,outside
uNyt4TOFfPeV8Hl0ts0wKQ.jpg,2,interior
nVl56_qnF4cYHL3nXzkHkQ.jpg,4,food
1Ya26VxzQaxGzhAMCItrJg.jpg,3,outside
V6zh8S-32vuLp6xG3RnS6w.jpg,4,food
924j8ndTBe_VHYw_SqGuZA.jpg,4,food
OvDceG5mXPCXhI_ywcEW9A.jpg,4,food
tUJM252WKaSbspKf92y0CQ.jpg,4,food
9ERPTHoHacw6k5NMvVdG-w.jpg,4,food
VDOXsEQDmst9mobAkUB6BA.jpg,2,interior
pQ5OFtC9h7eAQfg_9HyI4Q.jpg,4,food
CVgU4_g3LiA8bpnOJWU2Fg.jpg,2,interior
sDAYSnkjvMOXNQ8u_aKI1A.jpg,3,outside
0OYIR5Nnxj2D4ymCu5qtAA.jpg,4,food
nWS0dk03SwYs4WKelYmzSg.jpg,0,drink
JcWg80c1RYkE-47V_IB5OA.jpg,4,food
RDNAV25q9EHOqLwEbMZbVQ.jpg,3,outside
RoSp7jA81ndiAx4aLT6WzA.jpg,4,food
hSYuNyqfnS1G6A6GROocoA.jpg,4,food
ADUczwoEUaDXth41cb3BJQ.jpg,4,food
J5niJxdAKwa8nwhRdybXeg.jpg,4,food
-PtnHU7pw-ZoeFfba53mMQ.jpg,4,food
OHJl7btXIMGy4votufLoug.jpg,3,outside
yzuCwvPFEvZtZUplzzJyOQ.jpg,4,food
fD7sbfZdngBbSGMSaZiSxg.jpg,4,food
XiuCOWNfW908Oub5GlWIlA.jpg,4,food
TDn9mp4H0tojWYBrsNrZsQ.jpg,3,outside
8pyZUQX6N_ubvFYHReh1gw.jpg,4,food
4Ua_XHzgcxskmWc-7WOirw.jpg,4,food
mEkvT0397rWkckdgg2dUgQ.jpg,4,food
msapwn3ExYRBvbbhq9cKcg.jpg,4,food
09hlBSTocN19XPQIvNkyXQ.jpg,4,food
mE_PUTgl2fyHWbc6aKwChQ.jpg,4,food
vWf5jBHnhxgLe_-IFa1vBA.jpg,4,food
wlrI22h4DFgiL7T6tE3Zaw.jpg,4,food
87DjzpV1_oDEgyjE5TaFEA.jpg,2,interior
z9p93YLYF_efio0DQItuXQ.jpg,4,food
6Mxz6sWtaoE9j-Kppbn_4g.jpg,4,food
vuVGgj2lhUKK2fntUSXPUA.jpg,2,interior
ftC3PeuXeY3SKLGkCSm8wQ.jpg,4,food
VyYxsc0xsvASZcV16o2nyw.jpg,4,food
d1v0m3c3EDc4XvZvxSIzFw.jpg,4,food
p_QWmkUWHsSeta0JtliF_A.jpg,2,interior
oGwZizjKKc732GFn3iuNSA.jpg,4,food
0MscBz78_GaF3AYOXEFb6A.jpg,4,food
sEuEn2k8iNwFe3158EWV5Q.jpg,3,outside
MyHEgbgzsSLX3yBdt7eGZQ.jpg,0,drink
4R6Qb8Gy9LJj5ngPoTSvRw.jpg,2,interior
PzbQUqc61S2ZXDeGbjRO1A.jpg,4,food
aYf6hIX71ssi61SpVoNteg.jpg,4,food
sv7WXa4Jq-htJvx2gGOKLw.jpg,3,outside
5BdnnCFA3nphQu0eqOBcoA.jpg,3,outside
cgN-0LnoyCsZJ8wr2TRvbg.jpg,0,drink
g1AW0BKEFv_0BKuS5GcZbQ.jpg,3,outside
CU-dxyIzkTjhcsXmsxjzVw.jpg,3,outside
7nYgmi1_YV3TeHdduiYoag.jpg,4,food
cMaSxOON2o9n4qM6FJzTBA.jpg,4,food
3yZZrRr9WbsCn3vR6SYmWA.jpg,4,food
lJabPAKUuhGsEFzYY9yErg.jpg,3,outside
dpGpvo1vZLN-hadIr0HiIA.jpg,4,food
nCN5HZbldTo9N-jEBNXAQA.jpg,4,food
OL3B3bb-uUsaYZuw0LSZQg.jpg,4,food
LWhU0uj3Mgx2zrF1-20NeA.jpg,4,food
Q7IjMpTcVf2Ibd-_otMhgQ.jpg,2,interior
9oBBf7HQCWo8dD36KZWlIQ.jpg,4,food
gwvX2J8VrMvjtNJzlumkLg.jpg,2,interior
B2lwzWnZjpsLa7uih5vAYA.jpg,3,outside
iFsEgX1V9114geQ9c_-14A.jpg,4,food
ZT2a2EuYdyaWdJlT__9tzw.jpg,3,outside
JF7Y0VIjKcBHXJdEtLqduA.jpg,4,food
zGB-aGpghsNUn7Y-zIKB-A.jpg,2,interior
zNAOH91qMA2EVV3Zua_8hA.jpg,0,drink
V-49fpsMAXT4Iu2bMcRPKg.jpg,3,outside
k-GCMS50pmytFf2L7ykbNA.jpg,4,food
Q7v-oCv55Iw-vcGeGSFTSQ.jpg,4,food
kNZbl_2V0QL6DeNwRBdK2Q.jpg,4,food
A9oldmFh0M-hJBkT3z_iIw.jpg,4,food
MRuc_-Fx71iUf_fqNgtDKw.jpg,3,outside
5WGUNg7z4uRkYZn0NdRWqw.jpg,3,outside
Ubxk953zONwZUh3uYvWq4Q.jpg,4,food
CMCjscOv7EnKq7-8zcE7rA.jpg,3,outside
yyR3BNHXLvK8hE3PEt8EJw.jpg,4,food
wJlwPR6JHKvXoEC-HqA9Jg.jpg,4,food
yS094d6iD5p8nT-mgjw7uQ.jpg,4,food
MvVuAOUyGQLFMPlzVB1eOQ.jpg,4,food
sGVWiVxwvnByW_XprSkltA.jpg,4,food
R4jvrRpsAErOvh5Qge5KyA.jpg,4,food
zkiUalalt0eQgehL7RxI0A.jpg,3,outside
-NJ2EQdUEZyFtv6x_g6Lvw.jpg,3,outside
U1MS8pp9OXv8uSpbRQPH4g.jpg,4,food
Cp6BkhQQKKeAZdcyiZB6Eg.jpg,4,food
MA71mxsAKvvLJ_V2Il17EA.jpg,4,food
E7vTBkdwgRVc9r31D8PUnQ.jpg,3,outside
rb--IrruL9aziNoSrph8zA.jpg,4,food
axClVrNvyFGFiY3GiXLNqA.jpg,3,outside
Z_bbtzlBz2mN7d-OS0sxAw.jpg,4,food
V5XpMMLiIs7-VDdwYPF1Dw.jpg,2,interior
s1q18ffT7T-KYwaqkLsrGw.jpg,4,food
RjOirV-emTWgRetsbJQYIg.jpg,3,outside
E95MpiW6vQjp4o-gENxJCg.jpg,4,food
CHd1EHfp__vl6CrHnzyFzg.jpg,3,outside
udPdUbml-oYUAXfQvoFrBw.jpg,3,outside
NM41FuPiaEbBhwbKpwov-A.jpg,4,food
CSiqr8E8lPMMaybExQSVKA.jpg,4,food
1cNdgg_t-Ai2c8fX9dzncQ.jpg,4,food
coEMPch9-YLrp8-Yd7Httg.jpg,4,food
gCDxAWSWLF48rwbSsKAoxQ.jpg,4,food
aoE76Za74Al1Xx57pDYRGA.jpg,4,food
A3s3N5uLRUAj_8n9SVt1Sg.jpg,4,food
4SiWKSE5VF4Qn3ZZ4K4CGA.jpg,3,outside
AlOEKjU1cpTNli5b_YnNdQ.jpg,4,food
TRHApKH_Hqou_IUfVU0eTg.jpg,3,outside
KXrp0u-Bl6jf-5Iw90PDQQ.jpg,4,food
KJw67CEqaz9ih51OPUkjaw.jpg,4,food
TZtCuWTjVGtUhRbB10dPBQ.jpg,4,food
AVSbDbRniPZCWz2IlEaaaQ.jpg,4,food
X8xjTvMKkJkYyKq5uXv_ig.jpg,4,food
6FZAEY-qj6nEwoZDhtc9-w.jpg,4,food
819gGES1CvvzIM_TWbQFNw.jpg,4,food
nwd5YMxkRqRaohrBktB-eA.jpg,4,food
1oPFeMc07X-eBAzbRBwV1g.jpg,4,food
MRvXMKCk1dMNvFplbTAmPw.jpg,4,food
aXp4j6UIkoYBp5FmVXM2DQ.jpg,4,food
b_n7VSsxySSHD80k0UIvUA.jpg,3,outside
VZKmPvtTwAvL5JyUpJjhsA.jpg,4,food
-INO8bvVaQbzWNLw6394MQ.jpg,3,outside
lg1Zo4afbwCqv-bdS2Pgmg.jpg,4,food
yxSNEuwrRYIV--DePMhjVw.jpg,4,food
AjI1OaMSu5dhlG0vHKMN2Q.jpg,3,outside
v4-yL2HDIMcuhyoxuSwC1Q.jpg,1,menu
kvGKI4TbKum6aup0aKCWbg.jpg,3,outside
_hKBXcVFEHaan7jm6Al7ug.jpg,4,food
g9s7Bkye5igAepukzAnL-Q.jpg,4,food
lyenUPIWNJdKkgo-0DVSNw.jpg,4,food
yXBN6z6_1tIPKuswt-v3qw.jpg,4,food
qAqzdXBaM-kCrHi_5UmUbA.jpg,4,food
GwZcmLWYfFc1F6Q-jXXPNw.jpg,4,food
_bWRYhXb9kS0jIK0XceUlQ.jpg,4,food
x3qejpDEgpofk7jImIXyNw.jpg,4,food
cBPFAp4N_M4nWDhKLRrAbA.jpg,4,food
bzSP_6JlxTcxGEM52gQNsA.jpg,4,food
rywFSxPW0NAbsWgV7CtmWQ.jpg,3,outside
BdVcp9VmS8dfNfqUWtkufg.jpg,3,outside
bEY13jSnRjK9I_bEXNPx-g.jpg,3,outside
i8Ij2fNInkNJTrZTLjdkUg.jpg,4,food
B_MzJzLMbRF9_tBDk0nCHg.jpg,4,food
Eq3MlwrTkM5Sn47qizGkJA.jpg,2,interior
ISEkfhne8qd00JMjXRFw-w.jpg,4,food
UtjxXtA1AW-caBTtkk-2wA.jpg,4,food
iB905WkpToW8Aw6x1hiDXg.jpg,2,interior
vsysC9mQHEUu5yBeLCQoDA.jpg,3,outside
QNXPOz6Y5TqRtQ7EbuDYXg.jpg,4,food
yB8BvAxv73uAb9ntquwHqQ.jpg,3,outside
z_ltYOqvAn4uRdGY8QqcXA.jpg,4,food
QRrO37xEHpkQfNIIUKs92A.jpg,3,outside
oHnghHXribfhTMyZGOeLSA.jpg,4,food
aGlHO1J6qXvpI0ZwwQysVA.jpg,4,food
7wkiZMJ0nf01WcRZ-i-ccQ.jpg,4,food
uF2yBvEMI2yy2CU1SjbZIw.jpg,4,food
d9Mfyje2e9L9LFsRiMtjrg.jpg,4,food
t84kXhXRebd0vLgrWu3Elw.jpg,4,food
NF1uHvLhaLIHbOlZyT_hvg.jpg,4,food
wEOCe5v5SCgI7hWJiLfUrA.jpg,1,menu
x0zY8a9y2wo5Y-VEVYi0HA.jpg,4,food
zrPFwxc30ROkfkbihTF1ww.jpg,4,food
tlc9xQdhcxptrOs1tCZALA.jpg,4,food
RZSCrY3pibFX-pCiu91KAQ.jpg,4,food
fJz1QBGlhBA8jffeK9kdZA.jpg,3,outside
3YwynFZoumVMKaiL9nkbng.jpg,4,food
c2zgfEP6oWLZR0bp96nNdg.jpg,3,outside
7lXhna1zkBS7nBuWOMqlBg.jpg,1,menu
q3DfRT3T0BHfsKySIS1umA.jpg,0,drink
pfZ6-D8gPCsuAk2oazxttA.jpg,3,outside
zr4ZuaiMiodH6I9RSeRqCw.jpg,3,outside
lbHjX9_vkYhQUJejTCmAKA.jpg,4,food
s2-vS-6Ux-5lKIy7TrVOrg.jpg,4,food
pT8YFuPk7xYkwqgnKNrGcg.jpg,4,food
XheZNqE7xCqXOtUSXAwZPw.jpg,3,outside
RuJ6rQtq9199gnFGDOueYw.jpg,4,food
WtnPtp3Mo1c5bPNhfwwMMQ.jpg,3,outside
LH_hDCDurPcW3v2e9ieBqA.jpg,4,food
qsrJAVm9o93XOfZq4zZPAg.jpg,4,food
D_N8R8RcswllfRtXuilecA.jpg,4,food
znFQo3WQJiaLtHyMfOpA2w.jpg,4,food
rMtrCLTyDE8LxN2wSDZEdA.jpg,4,food
EOBSdxjgDnmuKfXe049_pw.jpg,3,outside
2I46BKJRyHexvmgy_aAhLA.jpg,4,food
enufZIT72OoGDWGkNSoIcQ.jpg,3,outside
1tUjF7-tHZvsqQ2qTRV4lQ.jpg,4,food
rLlPUZsd8H8E3Fa4abZfMQ.jpg,4,food
hGVrjAk1IM1Mh2IazBd36w.jpg,3,outside
4iajJLtow5uBMlicXJjHzQ.jpg,3,outside
ni_C3ZgC474UHIrvI-N1DQ.jpg,4,food
VrW4DYptn4Mm1dPbPObFbw.jpg,2,interior
SehJPhecUrhzLwnJdVj9oQ.jpg,2,interior
k6zOZ66I9h2M1s6REArt6w.jpg,4,food
CU3exjVICUP0M4yU55CNgA.jpg,4,food
m7a2tKu7k6Sqqfxk7L4fYw.jpg,4,food
2rDHHTWnSKZfJOj9KQFb2g.jpg,3,outside
0K2xNLPnMWbtonU5faFfRA.jpg,2,interior
KpDtGYmNJ4UqBj59rEIPeQ.jpg,4,food
qhVpsaXEmTiMyMR_nq8bhw.jpg,4,food
6x90jnYGvFo9oo4nhSD18g.jpg,3,outside
9b2DUm_NPjS9f4xbRjE71g.jpg,3,outside
KNyQmvXVKXiWUqGA4RU4Fg.jpg,4,food
ums_G98dPfgB6cPAq-Rk1g.jpg,4,food
lfY5ojVUQtRu-gJn3OALGg.jpg,3,outside
FF7gkb1sR5Ty1XejtexOBA.jpg,3,outside
YE4zHuXtrhCbN26vt--ulA.jpg,3,outside
pwuNgGi50T-9j90oTaNIAw.jpg,4,food
XKM-471dyqhV2ncgGm66KA.jpg,4,food
alceRMzK2mBTbm9hH24K7g.jpg,3,outside
nr6niuEsd-ZoE9DmDbiUww.jpg,4,food
3TqbWrCUx_b1RdXvaJ2geA.jpg,3,outside
uEPg5rG5L1kPyGGMhI1KjQ.jpg,4,food
OuHgk58SBkR6eiKgE4VMEQ.jpg,4,food
aV_PjJTyYs4F1rswXAr-Tg.jpg,3,outside
3VnC55oJxIFd-9R-vOvnGg.jpg,3,outside
9hgB-c3rhA1Dve3an3lEcQ.jpg,4,food
ZgzLDnV8dwthZ0XSYkKd8A.jpg,4,food
h1uq0VYbHx0BVx3bw1LIAw.jpg,2,interior
0fh4pLK51ONhb8PbI0CTDQ.jpg,4,food
i3FybE-5nHxWHYhldjMU2w.jpg,1,menu
-DiEMlKxsAXnJ0JX1Qu-eg.jpg,3,outside
3JX8RKj48qU2UnCqHigquA.jpg,4,food
2qjsIviiJDUEjYlv6Zr6bA.jpg,4,food
RFqiEUmj-HL9v42SiX5T8A.jpg,4,food
SPifTXtBKSoSSiJEou1Xiw.jpg,3,outside
U8FvJa0oBJ3tjIjE7_aUeg.jpg,4,food
LUsMedsLaUMJQ4zAFMafwA.jpg,4,food
io9IoRkl0dSXE6sqmkIrIA.jpg,3,outside
ecpwkc6zifzy1cgrYe4iWQ.jpg,4,food
TqZczzdGSmkyh_AgCru5aA.jpg,3,outside
XVuSCh94HtQ2tTWOYVYOuA.jpg,4,food
o4wwxfvsqjDwUIy_syk2JA.jpg,2,interior
3yjqiSgzBMvbk-Et4THfFQ.jpg,4,food
U4xzbsggZUQEfqbKEHawWg.jpg,4,food
6oKJp8O_R8CclCEHEBfZWA.jpg,3,outside
sUr_GKEQQmGIVxbJvKOdcg.jpg,4,food
ASZkAiwJdYymfdWgu2FbWA.jpg,3,outside
eh5LxD5LLTv9UikjCxpsxw.jpg,4,food
GxB8gtgHi8o30uzZagweiw.jpg,4,food
mQLiboZmFbGo8Qel9hn1tQ.jpg,4,food
9RUfPMVSOLTEbxRR3hGOkA.jpg,4,food
W2ISFPXmiNWWkB4DFu0JvA.jpg,3,outside
dcCU1zR80utDvCmSrqQYAg.jpg,3,outside
bJbNF2dxmrdb8aMMrW3vvg.jpg,3,outside
Slw0-AvGEMxBz_cKyFDtWA.jpg,3,outside
4uvAnAqtsXpJY1QiOGeqjw.jpg,4,food
3IvIcfTlYV84q5l-BRXlGg.jpg,4,food
6vLPlzX7TTUR09k9GN7uzQ.jpg,4,food
u8roDaswWIcvuZYF-kQdrQ.jpg,4,food
ZlVSeEz0D_rLNJl7yqbHPw.jpg,4,food
rR7k4_fNO2rjVpiDaO7nMw.jpg,4,food
sp-xPM4gry6698zEhFu6PQ.jpg,4,food
Ohf9Rw3M8V8yvlujXN6MeA.jpg,4,food
iV0Sb2qkxfkZeLyJNJEYMg.jpg,4,food
liy0F_jhzjqYn1TSI9L6XQ.jpg,3,outside
PcLTOeNn6ye3uz-EjmExpA.jpg,3,outside
bSKB0UWyKFCEOQzNj22r8Q.jpg,3,outside
6W-ZG3h4hSTxZArP9hau5g.jpg,4,food
r1ITbyJRv-OL3VKTR_g9mw.jpg,4,food
FE88uWBteiApQFxC6oY9qQ.jpg,4,food
h4Jw2c7w95F40_jEpPQNwg.jpg,2,interior
ym_dapzx-DakwYYewNYMPQ.jpg,4,food
-Ha4D9Kxd7kKObTEjMHeHQ.jpg,3,outside
MFLYW28qbiP5ySdGCYDzWQ.jpg,4,food
SaVzR6_lBM8MXyamIkpZCQ.jpg,4,food
YiOmZ65x3JAagXlJC50PUg.jpg,4,food
N92ScR6zmCGjP8GDsXGy9g.jpg,4,food
_L_4p1TQgzxnDn1l5EuJ5Q.jpg,3,outside
0mOnubkybJoCn4BLT1-jrg.jpg,3,outside
0IQsx9i5C-Ohb8V0Q_ZhfA.jpg,3,outside
OUllrYREhayD7sshYGA-XQ.jpg,4,food
V-5pOl1DpofJ5wtHE9v0FA.jpg,3,outside
JEKn5c4ffYAgaBugJs4qfA.jpg,4,food
YJ7B5_xrJCffjxPp8PKVpA.jpg,4,food
ngCiN42dyjIthRAsm5Q7WA.jpg,3,outside
eFvJSC1uRiFyzLq5lTzRng.jpg,4,food
Xve2KKBJgGliSWLjnu-ZIA.jpg,3,outside
CKKUimakyg_edYlP0AQGog.jpg,4,food
JqhD8ppKVR1urWZC_qx9NQ.jpg,4,food
viYJXH32fQaniJ1yabaEZQ.jpg,4,food
eFGsVIke3fOM3e_DT0bFxQ.jpg,4,food
GTRA_wOaX2f_SK2Ptd3mSA.jpg,4,food
aNlFLazbn5adITOKjX0i4w.jpg,4,food
BI7-XYlRj0PT1ZoRxsiAmg.jpg,4,food
svLT655eJ2U59kLLefXwGw.jpg,3,outside
m1zmcyS8vVOjEM6jNY9m-w.jpg,4,food
UtCiShhb4aZuqdrEAi9org.jpg,2,interior
0r-xGN6x_pCudgN5LAMdeg.jpg,4,food
YNIaAtVS6ME7c3L5XmYR6A.jpg,4,food
WJoS2seq1EJNCdjIl-tVfw.jpg,3,outside
aV44MjxFKQPo1ncJKywV5A.jpg,3,outside
FTvqzaEtOn4ksXy6zPWsCg.jpg,3,outside
c7sjLZPmUnHDMp_BimquTA.jpg,4,food
LZUhl-hywD8ZShZs2QXSFg.jpg,4,food
mjZzOvb7tu72GP27g_6ZQA.jpg,4,food
QAI1gFCz9oTHU1HN0sIMDg.jpg,2,interior
VuEqnDs8nAmu1h9vTMPocg.jpg,4,food
wxze3oBPbKMPuFNcqndMQw.jpg,4,food
RE4RZvs3IsSl6Nl3qhRIbA.jpg,3,outside
At_P1vw78e2XRyTlnBnFoA.jpg,3,outside
dZ0zCg_0NIChI3UiIgJW6w.jpg,4,food
r6sqkwAEIdeZl-IVmgMkyg.jpg,3,outside
AGv4lmjxUHtGTuNuENIkRw.jpg,4,food
r7mkZnRlFbWnxnJ34get7w.jpg,4,food
YNAE3aT0OqhJoHFf_JhzeQ.jpg,4,food
YqvaDMLwIehZzT7T9f2Wvg.jpg,2,interior
6qlAgFHyjRZL01dE9Hw7xg.jpg,3,outside
BEzb1tLULZYbnRVpuDBdlA.jpg,3,outside
ZJTMs68Zz9cY2IanvTF_YA.jpg,3,outside
7QkmlMXr_R-GfCsz-73Tgw.jpg,4,food
iUa8-gWi1DWMtdItEaKicg.jpg,4,food
f21ZymGCRp5QB6CSZzWMQQ.jpg,3,outside
SBmIFgBHls3sAGKBmCsLcA.jpg,4,food
Nbs1MQeLCiheXY_M_rXKRw.jpg,4,food
-NPOxHcDSJw_ltawmkq7CQ.jpg,3,outside
rDBSAEnImrgz0Cj56WkvXQ.jpg,4,food
A_ix0bA2M6w6ZPiTVe1WYA.jpg,3,outside
gu3GoOAXyjl--j25aHzrDw.jpg,4,food
qf_eB_P_xhPQT9bgozqUlg.jpg,4,food
rEqQdPkl8j-Ile3lo8GaWQ.jpg,4,food
chJ36HqqSyBBZPOX5SdJCg.jpg,3,outside
FK_oTOlNlh0iXSsHmcFG4Q.jpg,4,food
zJYMQyvexjRZ3iZByB-Gqg.jpg,4,food
BAq-ohXnPfYxF6m7jEHGSw.jpg,4,food
ylUNTiJ1jIib0Q8OwSEFjg.jpg,4,food
P37_QvOof67eBYe8R8kKOA.jpg,4,food
YtqcRsF4a2nNI0DMiFe4Yg.jpg,4,food
rtEiF_XiWzBQ70wRS8HNNw.jpg,3,outside
KQpd5lHZndipLRO6mVGzkw.jpg,4,food
5RSbfKuZSlXgxQjOWSMsSw.jpg,3,outside
cLabWf62kWi04PkrKeJMfg.jpg,3,outside
24Jat_rFP5SgH_IOGFMXZg.jpg,3,outside
98qOfudfI7m0eJxvnkWJNA.jpg,3,outside
rPdLpzdZJ6Bz_LtdlgjUxg.jpg,3,outside
Ot9jExVBqpd8hCsFcGt7sQ.jpg,4,food
ht0XnC67wdCqYDQBAY0KkA.jpg,4,food
SLLp3-jMA8ybkloKuFNTTg.jpg,3,outside
d5htOo-peRoHpLqBpW_lIg.jpg,3,outside
effcj2icflYTDGV88HQImA.jpg,4,food
YTi3EGrBsECYpZSxvOQ2KA.jpg,4,food
I7tAnBvdsHWwl6ElY1WYJg.jpg,4,food
wbTe1v-TXxsWCiwBbfiIdw.jpg,3,outside
NevMAdsG0O8rKEU8oIh7zQ.jpg,3,outside
3RPN6Zl5nqdrhUKckf3i3Q.jpg,4,food
xSnSbsmgjXthc9JqfTYqUQ.jpg,4,food
ZFeIvDNqq1K4fuZtzoL0pw.jpg,3,outside
OV42XLWPGlhGEGZSswOSxw.jpg,3,outside
-m_hD8fN_wBdkTbni3syIQ.jpg,3,outside
BgiuyNVCz3lGzaIH14cRYg.jpg,3,outside
6b2CAvdpnfhXy7dmO3mMSw.jpg,1,menu
VlE0qNLJv8KNylQsNSNggA.jpg,3,outside
m-m6lK-O6SAay6JEy_egNg.jpg,4,food
7d9SJdPAXESbIMxdaoU3Vg.jpg,4,food
NL5KURgWxl93mMzpHCWykg.jpg,4,food
V0CfZ42GkTTW6eh0Isroig.jpg,4,food
xwEXbHk2kDoUT7N18Yuocg.jpg,4,food
40T8q2OSh66Z15Sfnu78AA.jpg,3,outside
khoE4gQpkKd_eXM1SlnVHA.jpg,4,food
V4NJ8-mxfDDinbF8iPLNSQ.jpg,4,food
uuRGY6xwt6PWCLtt9R1pXQ.jpg,4,food
9JsmeEyMHCPRH101yL3zZg.jpg,4,food
LmZo6hLXmnqN9oWX53spnw.jpg,4,food
lxrfT6Ph-xdZuPoELrSImQ.jpg,3,outside
FyOcnFGLBWiMojOIGHqh3w.jpg,3,outside
KMIY1TyXzzjqkxSwfTG-fA.jpg,4,food
Sy_Mu-i6AcEXhIVoB-mJDw.jpg,1,menu
Uk97jjMx2RqwUah86SLKFQ.jpg,4,food
McBXhBQuUyvPUlxF7hyBeQ.jpg,4,food
0z_xZ2b9Ke__kYyfSZPseQ.jpg,4,food
cIjTZKvU500CVC19smdmFQ.jpg,4,food
cIzYGqjinQABW28CUgdUhg.jpg,3,outside
7-l08W-_QxXpwimLNr5FnA.jpg,3,outside
UHm3DVcknwWgIgR6eXnfMw.jpg,4,food
vOWx07aKh7qkrYIDu_bYDA.jpg,3,outside
DuQld-q_cxoKpadfESMHUw.jpg,3,outside
4m46S9VwNC7wpbWinOxhTg.jpg,3,outside
r2-YphgzgaTI2Ic4koAFNg.jpg,4,food
UmZF9ZgW98MkXT87WEcRAg.jpg,3,outside
KQSw5GxBQACQCTUZyhvzgg.jpg,3,outside
9iUfqzOUG6_twE1PCXHBQA.jpg,3,outside
0__YNip7V2asBgGRU73sMw.jpg,3,outside
aPurnOXWHTyguu-qbMeZsA.jpg,4,food
0V_-_jFe6flEHzqVQhK0qw.jpg,3,outside
LZd2gpnq40wispSoPVeXhw.jpg,4,food
m_kT_qnFaKMzE9UIJrjsPg.jpg,4,food
NrvrhK7y10DUwYHjjrr2oA.jpg,4,food
SYxyNBNnlALOLUqb-d3gdQ.jpg,4,food
icAucs-aOro70foKu-uR2g.jpg,4,food
OwRZAFibM9WjCZVhuwtymg.jpg,4,food
heFXl2Pz5uGa868FU6Kafw.jpg,4,food
AHBc8magCwImrwK6xEFvJA.jpg,3,outside
IMFeESLB4fVQcmzoLIcNBA.jpg,4,food
ozVohH02IdtGAUtOIvoz3w.jpg,4,food
M22Z-1Ek75LZL2531Xgl6w.jpg,4,food
xSs0rSuEO9z2qEPv0bZ0vA.jpg,3,outside
7ghHKplyJdiq8UroF9Bx8A.jpg,1,menu
N3GST4lr_Ma1L7fJz726Ng.jpg,3,outside
AO8myQDTOChSChrF5eKc1Q.jpg,4,food
CrtNjQzCeN6uB-JUlkR_VQ.jpg,4,food
-qbRhNNWCyUti_JxlrPnNw.jpg,4,food
MwvzRBdwKdESxl6u4TaSTA.jpg,4,food
PJ6mlPEhoPx7ni4rrVkl0Q.jpg,4,food
3u2utAMkwB9fN1xY-0IE_g.jpg,3,outside
1DQKkP51m2pOe95rF0izIA.jpg,4,food
Z-tHKg8QNq2zaTDUcQ8Jjg.jpg,4,food
vhKEK9-7s-sdELb5GcTQQg.jpg,4,food
qM8Cg00lrxtFm2sucD9Nuw.jpg,2,interior
cbsmVSKOoZpTQN5aP9YgJA.jpg,3,outside
a02It9bjIKe4IC2h5FOBdA.jpg,4,food
-0WQkdfa7S227_BQXO6W0Q.jpg,4,food
onVPdR0H1iDaD-f5iw4kww.jpg,3,outside
aHvS0WqpKLgRaMQEywETDA.jpg,4,food
Becm0u-0yhJ8Pz6FEwHqHw.jpg,4,food
fQisaRINsPQPj5DARtNWWg.jpg,4,food
eO7kGGFrR50LJiKFCpJ9Wg.jpg,1,menu
b94uxnRyutdcaCrD_M9H_Q.jpg,1,menu
2FWJYWY7GcMO4253gJtftA.jpg,4,food
0nIRSrwVUU2iZjvFHpt-ug.jpg,3,outside
snK4wX27-bNQ6-WvokjDQA.jpg,2,interior
9B2ny0NU7ojQ_ieOlJ9CAQ.jpg,3,outside
DE523Iq0QsmxAG-qwIiJyQ.jpg,4,food
pDLPnp2KzfRqzxZP0gQm6g.jpg,4,food
WeNMvSD4Rsi6vUg3vOceMA.jpg,4,food
sbF36qO48POCJKOYvu2eUg.jpg,4,food
rKBcf5ziMMG2FVevtFwPHw.jpg,3,outside
C0MAMOPY3zIZkYdqV7bLag.jpg,3,outside
vMdlMOKIlbme-JmBhHAmcA.jpg,3,outside
6qyacGYR1cfs4sApgn6e5g.jpg,3,outside
_GwZYcU0IEN7d7g0myIQrg.jpg,4,food
1gkj2UleTz-jlQouCeBdxw.jpg,4,food
NYgMBcL_exNMa9jGObTAJA.jpg,3,outside
rpKiAuvOjfIjUKd3P9_qkg.jpg,3,outside
FCQW69HX4w5sI0-YSb3kvw.jpg,2,interior
XuZqkJjvK7IGooaFxznkGg.jpg,4,food
pEctUBYShFoPEhUIo1GRtQ.jpg,4,food
V2aw-mkE110Ftdv5AwEUYg.jpg,3,outside
zB1N2EFQzd-ZnVqqAF8b1Q.jpg,4,food
_f8WavZjBsMicHPjEAbs5Q.jpg,3,outside
wkRbbkPZFmV1Sb9De7mp0g.jpg,3,outside
RhTD3J6twxPWmnDxDfR1xA.jpg,3,outside
QRo9_wd6r1nF_lilA_gMoQ.jpg,4,food
wRHxhbmccvRPvScQLKxFPQ.jpg,3,outside
xPCKwofdeHu-_HyUpPTTEQ.jpg,4,food
Zo7PBxcwFY4Gu2Be-c2Qlw.jpg,4,food
WaNCgE-jns6e8xWpC-wEWw.jpg,3,outside
Z2TixBDadFXjnjbZaeL3eg.jpg,4,food
GFr6fJbzfar6Et8H91NCIQ.jpg,4,food
DmVB92mJgxxCsEJyytOsRg.jpg,4,food
FMuA9PC2cNHonh2cJly5nQ.jpg,3,outside
z23uc_ZxTvtiL__7CjN-tw.jpg,3,outside
hL4hm2gYFK70vDiq7cv1-w.jpg,3,outside
usH0G9OgJkxOEkFQSjrXJw.jpg,3,outside
4PBz21Ms8qR1LvZQ7kYdaQ.jpg,3,outside
Oy3Qd71MqWOUCSq6j6SywQ.jpg,3,outside
kpjTRmQ8zcBnyT-ar3QfxQ.jpg,4,food
d9k63K8Bw4kL-GiVBnEPjg.jpg,4,food
hTp3uEAWTx1BX7R3DtLuYA.jpg,3,outside
9Ol9mW2Z-QPxL5Crrf9acA.jpg,4,food
hGEfqLg-SVxGUXAVWr-X0w.jpg,4,food
MEZl4aHDuJqfL39rr6wV7Q.jpg,4,food
c6GcR09SVZRqZ6KIkaJ4oQ.jpg,0,drink
7tSJU3dGj1UPjwYvsCRo1Q.jpg,3,outside
A_g8c_rSw3g4OQ0DPRfubA.jpg,4,food
XPzd0USfhK3Mbqfex9HWCA.jpg,3,outside
obc063H7sJBDilntAslM5Q.jpg,4,food
ViwLrn4fTBa2mG9ZZTC9Ag.jpg,4,food
H1M6pS3GpNrYCvaSqxQTUQ.jpg,4,food
sRwdPYWQX8fOJsfit4Qb0w.jpg,4,food
o8liT4171FLfRoPbG5QLDA.jpg,3,outside
VSH4EbbYtcQaESG9-AoQqw.jpg,4,food
RD7Ke3Z2DUjdYko8RPL1Ng.jpg,4,food
0WZ6ImDmupOfz3iz2kCGaw.jpg,4,food
Z96rulsgOYjam2COaRPU8g.jpg,2,interior
YBlZ2lkE6b6ZVTZ6LMDhfg.jpg,4,food
W3F4AZy662FSvFwMHAMbvw.jpg,1,menu
kWEuwL1lqUConn7j86iGVg.jpg,3,outside
D-zQJWEAHup9kv1M5toi-A.jpg,4,food
EEJGOoArx2bheTLzuT5tew.jpg,3,outside
bay76pTW2SsUcVcA1meccw.jpg,3,outside
j85g-ANiWnOZNQHm3yoA2w.jpg,4,food
6j30OCCqwEBn-R6tqVC0Tg.jpg,4,food
FLASLdskfJIbFJ3hVdj1dQ.jpg,3,outside
yLEEUhhlA3K7DQY3R7b8hQ.jpg,1,menu
97h6cUELCUsYf3jxOB1bWQ.jpg,4,food
09S_oY7yiUa0tp8OHk56VQ.jpg,4,food
l8U5cJnyPEUNv_pIov9rAQ.jpg,3,outside
B_WbJZNkH6NzYWHxPmNl8Q.jpg,4,food
6ADciT0DQWYoKymX1jMzbQ.jpg,4,food
wPviSjOPqKjpE4CEQWdllw.jpg,4,food
gx1UH_ZBsFe9ulgynUDmDg.jpg,4,food
qJp3yafUNN2EOi7AWUP5mA.jpg,3,outside
F1iojnfqHwFE_qw8Uyt51g.jpg,4,food
y0YeJzCzo8QCwkl9RygkcQ.jpg,4,food
xMwzp1gmvzQEHNmpTqXsJw.jpg,4,food
38jyLBlX5rcFeZ2ErQ0iyw.jpg,4,food
IBUvE1PEdiRtxeOHzmnIsA.jpg,4,food
TN4_ZBlDzaXCRKEjpBgMZw.jpg,4,food
5AswLCPmkDqT-kpyYFDnvw.jpg,4,food
rxR1CS_QF1sFb00PC9v3Hw.jpg,3,outside
DgueWAljaqLs8y9-FbbdKA.jpg,4,food
0kLT-ZSaSNJNKI0Fh8yMMw.jpg,2,interior
MaGxzaMV0GOCvEvpn7Q9IA.jpg,4,food
uLicBX2amuMnVHTn6YMvxw.jpg,3,outside
TzTBhFKfCAvvc0YFUMcj5Q.jpg,4,food
kHqwGBPFQ6lY0R7NCf80WA.jpg,3,outside
a0UAkk-zyQOSGasa0CfOAA.jpg,3,outside
BahhIUJ48cTJolCaUwl6BQ.jpg,4,food
9OTgjggv0yYhOqfi2cPOZA.jpg,4,food
x21j1zU34l_I1ajEuY2XQg.jpg,4,food
cq8MyNVn0hvf-U-p6U2B3w.jpg,4,food
P849Yn2Dhu6IYxijHWx3Bg.jpg,3,outside
TrBXL5JK8_VdMRmGVVppHw.jpg,4,food
MK2--o_wYKkE5fdY7Ga1Hw.jpg,4,food
o3Q02W9LHgrIDE4USOfyEQ.jpg,3,outside
u1BekIMlaX4PkXuAsVbyng.jpg,4,food
7J69o33syJo0itxlHDPunA.jpg,4,food
gvMTMdKOCJ_YTwuOk6enGQ.jpg,2,interior
NCy1tGc8OtOT-8wQV1G-9A.jpg,4,food
KkT4xnFTm5Zs2I-d-2lPOQ.jpg,3,outside
qcY0B5VKMms-raJI1wc0pg.jpg,4,food
DN6H8rIDAbmRnIvld_mWfg.jpg,4,food
bTbzi2BNPBW7v-3WGkBuKQ.jpg,3,outside
iDctv_oPZGrtJvljKd-1FQ.jpg,3,outside
c0B_ncRwNyFfyepiyK7jzQ.jpg,4,food
CTVJZt5abQSD-UFA08puRw.jpg,1,menu
PcXuHfqIRz6-h68yTCz2lg.jpg,4,food
sbC04MHoUYesm86vdF7RNA.jpg,2,interior
m0BdjsVhUce54nGsHp5PSQ.jpg,3,outside
2nOMhod2sggZHzKVipP7gw.jpg,3,outside
pBHv3gmVkqYtJRNiWkvWxg.jpg,4,food
muogt3e8tCsqIJ-RLAoixA.jpg,4,food
q1V7CWO-QLY84amPsEqqAg.jpg,4,food
M0CHVwwpqRxkP1Io5_JBDw.jpg,4,food
O9X8VColEmGV0anYaYv3-Q.jpg,4,food
gbfMzoJ10RE3nLBUtkbZAA.jpg,4,food
o6eS7yw5gDeD4ep1cSC1XA.jpg,4,food
Crc5kdjMb1M-nPedAvgwXA.jpg,3,outside
42JrygAQ6QRIwd6LnpCu8Q.jpg,4,food
DGRyfxZFDGyse8uXKH3bCQ.jpg,4,food
4GP0p13veqxnMhlkFGJiCA.jpg,4,food
AFDf4u4eFl46Bsj2UBBKNw.jpg,4,food
FRMLfqbvFUQT3uhlIf3UOw.jpg,0,drink
-PtJY5mR5B-45lbDEMNe2Q.jpg,3,outside
4D5vhyuapgPkde5082uagA.jpg,3,outside
nicIW2zQ52X7PkClEVflUg.jpg,4,food
S8Su6DiMHmEsVfX-8Hgbkg.jpg,1,menu
C0bobUujnl6vNZ5zEThWQQ.jpg,3,outside
rggGIQoLBGa1kRvhFtI6ew.jpg,3,outside
CGEzRu8SAkrIOlOJ3fjl1Q.jpg,4,food
lDheV2vt4um4QSdiMFMkIg.jpg,2,interior
2rznu1frltVWoS3r5VmEZA.jpg,2,interior
NexVEEbUf5rWCgi_2fRYMQ.jpg,3,outside
8w1McRRac-nnbS7OOG8tbA.jpg,4,food
PSZHLeS9dcTODFYF75GhCg.jpg,4,food
hjByosMgb5P3XitQ4GY50A.jpg,4,food
clhZoQnNeQCbty1hEz9WRg.jpg,4,food
DILDzkYqgVGruRZJBg0HeQ.jpg,4,food
n4MPQ8Rf6G8Ev4yfRuNnqw.jpg,4,food
vGocADQv8cY-20ogXOHhaA.jpg,4,food
DsqYItwf6zsEZLL_Z-8ALw.jpg,3,outside
TU_nGTxK5NhiKnGU9RyAZA.jpg,3,outside
CdcXEDUTAfuv9tPQEr_zSA.jpg,4,food
u-IGnsMC_fCqbqc2LOAyjw.jpg,3,outside
P5J8PmeLOLho5BWEK5gk8w.jpg,4,food
NaomkYPqGleA-pOLek2ePg.jpg,4,food
HevZOnhkfdFrJffg1l1aEQ.jpg,3,outside
jZOpbxTyYwyC69CNw7s98Q.jpg,4,food
VDneaSguzp5UMrNVZZSSpw.jpg,4,food
vZjXEwLl7dXoKgLXVgDPJQ.jpg,4,food
3rSB5-oYgxJ7eOWGnEJDOQ.jpg,4,food
dKSavPni8mM8r9IFhshPjg.jpg,4,food
QJGTHJ130J253T8culUXZQ.jpg,4,food
DIa9X8AQcEQmvCKHWYCLZw.jpg,4,food
tq21N3OSE4OUydxUTtXPZw.jpg,3,outside
FMRdBJwxQTF94ar5img92w.jpg,3,outside
S-DouSKZZ21TX2LEsa6toA.jpg,3,outside
5L4Yd9TSBk7_MLyr9u5gDQ.jpg,4,food
vraxuhXhZsX_iRBndDm-cA.jpg,4,food
IK9wQvlxblK3YB646hsyVQ.jpg,3,outside
kAxdY76nAYRmukSLI-y-1Q.jpg,3,outside
6K9yBFPng4c-i_R2P4YVDw.jpg,4,food
aOligdxgN48p174UOAiUEw.jpg,3,outside
JfziohccXUaJ1GxU26XEjw.jpg,4,food
pj64GclEQOiBAmOzRlf9cw.jpg,3,outside
czicLUQZztxWO2JHhhVsaQ.jpg,3,outside
QCFS1t364tJbbO_4s0h56w.jpg,3,outside
IdVY1PZnML_CN6ylHOELKw.jpg,4,food
nAvU6OPyBRSSA9WLzqzRxQ.jpg,3,outside
3SG9-ej8_Tb6V8VnAGWlTQ.jpg,4,food
U8_zYziAloqjrcrfs5fnUA.jpg,4,food
9lR9TZ17-24CT8wAYQmnEg.jpg,3,outside
Bys2KA1wukFKd0f2LYBBTA.jpg,4,food
iKn64V9dJ5NHgY-zaeDRQw.jpg,4,food
NticRpK7Jv8ilPu1xKhjDQ.jpg,4,food
O-c8d9VqG58-IRd_7mZ3HA.jpg,4,food
GH-luoXue4a4NQjAqJc6WQ.jpg,4,food
JaVHx5VNhzsAWOBN4tMZAQ.jpg,4,food
htPsDO0npJEUwLHKkjfTRw.jpg,3,outside
qrPmLc4RE3gMIfMZPAosiA.jpg,4,food
9Y2FnvKCCGyeREsjiCpT7Q.jpg,4,food
uXgZDvh5arx7F68eO8lg0Q.jpg,3,outside
BfyiaxL4BL9X03LtEFf7sQ.jpg,4,food
2mPnV3gVbMobDjKPPuFHQg.jpg,4,food
3KH8KTRG4wtVNjr-XQ70_Q.jpg,1,menu
c---ag8rFe82Xi1SrUp6IA.jpg,4,food
dFjX880xw_M-Arr0Tqsg4g.jpg,3,outside
GQ9P-lPAo33hTALGe3XiDw.jpg,1,menu
eNHd6H5DsRKNNyOwJf3XBg.jpg,3,outside
xLA7aoKdpVGEYDmnPBhU8g.jpg,4,food
qpGJyqRVP_SQXT7Dj29_lg.jpg,4,food
oAX0el9-otaWmCTIiH7VCQ.jpg,4,food
NcHuNxI1rctD4uHad9iEPQ.jpg,4,food
2BMlUB8HSgixM8BymszMeQ.jpg,4,food
SKrcv4it-zR0LPij5FrIow.jpg,4,food
Eq8QtJYo11eP-bXSEqD5Kg.jpg,3,outside
i5YxA-_W9ZHlQYLlhkI0Ww.jpg,4,food
yqDBiCtWDp57wdzhgnNOJA.jpg,3,outside
UoQ7UtXlEyXTkozAaXrh9Q.jpg,4,food
qSNLFEWUVdrsW7XN2Xtb6A.jpg,3,outside
sfMvisx-Zwv6_NF7U7CW5w.jpg,4,food
c73Cgkdgk-QePfRLcSu6aA.jpg,3,outside
ZaJ8D7McYzp1AB_kI9w5xQ.jpg,4,food
CNi5qEjTOqL2yZCIqNzOJg.jpg,3,outside
g02Hki3y8m0KAZk_T5lgMQ.jpg,4,food
8469hWaCouH1V_2GpRI6GA.jpg,2,interior
oHZOHgbZ49LGvKLPP81qoQ.jpg,2,interior
cJFzYXmy0VnCfMlQNZAayw.jpg,2,interior
IW1whRF7T7GbKEB47etoyA.jpg,2,interior
fzwO_mQr0Xlia7zuBG1wag.jpg,1,menu
gL2nTDHRjYxAemtMooEPNQ.jpg,2,interior
092yiLJbmNnI7Vuo7HtbWA.jpg,2,interior
8qXw1O1f9pqAD0JpksquTg.jpg,2,interior
RsLYOS-c9Uhf-zxBUgA3rw.jpg,3,outside
SIhOR01x_HHHcO0WiO2bfQ.jpg,2,interior
pjLoEhfPsY2ZpPVdy8BLWg.jpg,2,interior
V9y1TIEv7VEPSs_ZMk94Yw.jpg,2,interior
NvYepXi2d2Dqasnb0hw57g.jpg,2,interior
FOlvVaXYtq5zSkJ00P1PfQ.jpg,0,drink
H4XSJbVqAoH4AQrRRZuOTQ.jpg,2,interior
-CqEzClFSXaE1q3N45UvUw.jpg,2,interior
hjrE_iiLlrzqyl3HIQCw3w.jpg,2,interior
TWNBw713BqyPCCZXwCkMHw.jpg,0,drink
XBIswBcwrbOaaVQ7e7QoQw.jpg,2,interior
emG0QcP6W3AbAdZhvNofUQ.jpg,2,interior
jQ-vbcvMHSyaXJyz4DNIcA.jpg,2,interior
YZepzZtOZnj4fgJf1BeMEA.jpg,2,interior
VHL_9Tn8nvLMM0HMsWa1pw.jpg,2,interior
Nd9zK8ua23EpyqJj9-vxIw.jpg,4,food
ePSEE4zOiulib5Q5IdBIoA.jpg,2,interior
3-pL8OYCWmqLpjRT9n5jkQ.jpg,2,interior
0fv9JSNRheu2c73z-fb0qA.jpg,2,interior
OOioMG0g0lAKRkWYN7oG8g.jpg,2,interior
WROVt_2cnk0UDjQJ_-1geA.jpg,2,interior
J0KLXGmKjuBX1lEYqkJjIA.jpg,2,interior
9x_JgHuqQq51_Vm6YK5t7g.jpg,2,interior
hOANzpPxfszHKMZ3M-qoRQ.jpg,2,interior
cZkH_rJb3dfXX-4X24o6kQ.jpg,2,interior
rP4djJu3_blV2KhptCFTXA.jpg,2,interior
1UvW8UNfFFse8WlUj_7Z3g.jpg,2,interior
6f5122BsR7Wl7j8zifxNgw.jpg,2,interior
X3kBLYTKwXtlSfKWmRr-QQ.jpg,4,food
C7oRRm0uwRwgymOD2HSR9Q.jpg,2,interior
vhQ0qQ4i0m7-XDoMytSN0A.jpg,2,interior
bYL44yOQmJRCQ-Hp85VInA.jpg,2,interior
R7NsnGYXOKN3bS7wEiAkUQ.jpg,2,interior
dkGnxnNNCA1MhCqtwk0IJg.jpg,2,interior
ImiPhN7Zxx4aOkFQmAqkZg.jpg,0,drink
GyUaP_6bokeZtwo80IVr8Q.jpg,3,outside
7iDfWbp58fuytSYGSbquaA.jpg,2,interior
GirHNRY21ju_mq0Rj9ejeg.jpg,2,interior
c5ReCyt-xoeHdWMYVC2OnQ.jpg,2,interior
Jl5B7tAgq4Hw3lhU4T4J2Q.jpg,2,interior
qHDUMt36I87y8uMq5cZQCA.jpg,2,interior
M6I5Ekyu0nGwMGixuHH5bg.jpg,2,interior
-c7GYVFQYnQNfl5Izh0TXg.jpg,2,interior
stwhBMfgqD898wdzNPmrPg.jpg,0,drink
oaI3vUvZVKjQhloSdHaBkw.jpg,0,drink
KagHOu1rQPLFw7TsJ7nJTw.jpg,2,interior
pPIrHrjUcBfgoiQMRsnppQ.jpg,2,interior
89M3FS5citM_uJqp2eMcKw.jpg,0,drink
QiTWXi-j3_TZAt13_AqlMA.jpg,4,food
gHsSzu7riMlpYnx89_lw0g.jpg,2,interior
9uaNDpvyphW9SYoal1IiDg.jpg,2,interior
36tjq8sI8RJn-HYByAANwg.jpg,0,drink
znkMI6n3IAbAVIhLN4Szpg.jpg,2,interior
Tw8H4pGEVOO0brQiM06jDQ.jpg,2,interior
w_6igXKuCIpMDtiTsydgAw.jpg,2,interior
ChBlXilWFDLLtg5rEcrsQw.jpg,2,interior
uOotJqaV8yfxgL6kDPaJoQ.jpg,2,interior
zYTtMAb3HyAkyd-gUSXEFw.jpg,2,interior
XE8o031abIpAn2m1FaNZvw.jpg,2,interior
Kx6tfrajR8eCUh-KSG0Y_A.jpg,2,interior
ExUBv1mdFQAowm4IH-FdHA.jpg,2,interior
J-786it7JT7IgotubCilbA.jpg,2,interior
0JII4MXsmlf0GkQbrwS6rw.jpg,2,interior
i1gizEW4L2sjjde21oyN6A.jpg,3,outside
OZXeHXP9iUZ6gG2KLhylew.jpg,2,interior
Sqzx12g2yYVS54pZdhJjOg.jpg,2,interior
nMIP9czZemy0S6FTA6h4nQ.jpg,0,drink
ho_c0ExTQsZS0cwFeRTMQQ.jpg,2,interior
dLO2iV4a-kqd-FiabceI8g.jpg,2,interior
TFGNWBXzz_4PSor6TJNSfw.jpg,0,drink
x42cL_mMp81gmkxC2ilSMA.jpg,2,interior
r5o8ibE9rE6CMC0tUUfKgg.jpg,2,interior
ryaxapiFle1lIbTxSLDNQA.jpg,2,interior
spenUHP7Z7Fkq3APWNO08w.jpg,2,interior
PEVPq6HyIXkpjGzq-ZWDiA.jpg,3,outside
OsynDGmE6uv9EnA-itgihg.jpg,2,interior
mHAEyZNCAOJCVyorvzrLUg.jpg,2,interior
nggh5V2jaD-7s5QvwkHU9g.jpg,2,interior
MsW7EtH4_UM08wU3eHqw_w.jpg,3,outside
VIBh5eXq-YNbM3_wucYBmQ.jpg,2,interior
VlE2Eb04DNmHw4Y3C6vCMQ.jpg,0,drink
1jKqsxmpfEQIXT0Fo6c5eQ.jpg,2,interior
r67oH9k3cVncNlM_WQUhVg.jpg,3,outside
QojHTGbqCXww6QajptzEiw.jpg,2,interior
qdojWmMsdzRsjCuenRg6Lw.jpg,2,interior
s3te0Fxvq0BIWIIfrruURA.jpg,2,interior
gvuxJjRdcrwVDfssj9y9Bg.jpg,4,food
gfXEUbVuiuTdhPoQM1UJvg.jpg,2,interior
EDw3FMyPOPljvFvz_PCicw.jpg,2,interior
XFCvZ7U4AcJW_Knc7VuhUA.jpg,0,drink
vdAQs0A_Av1NXtZndslJMw.jpg,0,drink
YATjkZ6nPjT8L182lZoCqg.jpg,0,drink
ijamGTnEUiLC4z-BKoZxQA.jpg,2,interior
2eeTIN11hZpaNEfrsuG2cA.jpg,0,drink
EUG__ArFOfztZcDsW0Oy6w.jpg,2,interior
JzBGEVdn5Oson7qCeC7iTQ.jpg,2,interior
_98F9qEfRaaNMvcR_TK5EQ.jpg,2,interior
P8fijmgbO19Y4fZNbd41eg.jpg,0,drink
Hi8Oclr5GcBMrzuD0HZdVg.jpg,1,menu
ebCupjmZL-zBUdEVlqh31g.jpg,2,interior
RV7wh5MkuNIui7KG5XwCLg.jpg,2,interior
hrZdB_-gW-S1cfig7H2v8Q.jpg,1,menu
9sdF4AEvSgEvU96QLPt01Q.jpg,2,interior
6n7ixp36ylRkyPwctAeG4Q.jpg,0,drink
tL7NhzL-20TJJxG6AjHwXw.jpg,2,interior
NezQ7C5T2qVuv0okwZafCA.jpg,2,interior
zyyl2s6eWKXydxsGUTqMqw.jpg,2,interior
HAbKzenbfZH0acqVf3rXAg.jpg,2,interior
KovioQO6qTTgdPKkJ1fJxw.jpg,2,interior
he9fNrApEUCJovOD-7y4Zg.jpg,2,interior
7QksXJX6ES9QEnAG6FiZGA.jpg,0,drink
m2w66zIjBR9glIGsmK3yag.jpg,2,interior
LZqiowhQbq17IXCFi9zzbg.jpg,2,interior
E6D_3hc4XDItL_wpeQAV2Q.jpg,2,interior
y4JpNxyaV9MPB2dY3m-dFQ.jpg,0,drink
Arp2juCPArJOO9vpPAaKwQ.jpg,2,interior
86F7eIiLnjpyq4qACAwLvQ.jpg,2,interior
a6EFdG62vrsnV1Ez6ao4mg.jpg,3,outside
d1Wn5tLuiblwPMfzsx4wQQ.jpg,2,interior
PWSl21uRmDwpG9wJpkgnCQ.jpg,2,interior
Rb37t9eFtTSOGMvsQ3CCQA.jpg,0,drink
IP627_5sQEiESl2s6Sf1vg.jpg,2,interior
-24sveZPyM8iy8emROEaPg.jpg,2,interior
92CoW2jnrB59cmZODMuIDg.jpg,3,outside
D9FHb-EnwbXMBn0bj3xKLA.jpg,0,drink
XfDyOxw9ywmzHj_OvV65YA.jpg,0,drink
F_5fNooG8iATFzG60ziIAQ.jpg,2,interior
Mi53hXGJn2mvvazRjm6tdQ.jpg,3,outside
zXoFLk5hal2yKuwDXNME0g.jpg,2,interior
Ol6kfuxSIyevjUoQ1at4FA.jpg,2,interior
nPJuSWYrh1a4HNz-Kb0pYg.jpg,2,interior
nW2avaOSvf4QecHUxWpUPw.jpg,2,interior
Gv0wSEgIGZq3QFQACtCUfg.jpg,0,drink
Aa8shZURmOIyqOps3Smx2w.jpg,2,interior
-Fx3uNQk3ua1elXyrUDaSQ.jpg,2,interior
xdSmyTygZ4GOw6OwwXvOyA.jpg,0,drink
R-APOU5W2UZx-rNFTiz2tA.jpg,2,interior
n2CzwjBJGRWTdDISu6Kcjg.jpg,2,interior
FVEEXqab7uuHiS_q3ikWjA.jpg,2,interior
M9-9Wa-mqeii4CkFYU28JA.jpg,0,drink
_Elc1HCf3SOHWwo1zUJl7Q.jpg,2,interior
QbspAWaaBekgZxZPYvVw-w.jpg,2,interior
b8PehSJsY8uyYhmWs1TrJw.jpg,2,interior
qdanf5p9lhumyV4SyIqTiQ.jpg,2,interior
MqXTYkl0eKdO_YTMKye5cA.jpg,2,interior
A4lOj1YBmt1sBS4HQbJDHw.jpg,2,interior
blaZke0LEza5qCWY1UOYFg.jpg,3,outside
SL0IByVsbRyHZfw572T55A.jpg,2,interior
QYptwGCG7lIh_eaBnZC7Gw.jpg,0,drink
rgNBUZ1KRpdGjH03Qfn21Q.jpg,2,interior
HlINHJj2gi7HFrSyTFStSQ.jpg,2,interior
MBwpBXZloyYjWZgH-mZfGA.jpg,0,drink
7hphLGNUe8Ns3CMLBcoAcQ.jpg,2,interior
vylO4eXiWtqFkt-oRdLbLA.jpg,3,outside
wlhkmIuGfgmNyUqdlDVQ0g.jpg,2,interior
8dFHfrR_YAJxsQ4Hhru6AQ.jpg,2,interior
Xy6wj2IX-vsDcwzo8ahiFg.jpg,0,drink
TbAmcUGma19UYRDEX35XDA.jpg,2,interior
oLVorNU4J0eQBM4KUXrM2A.jpg,2,interior
KWOQZ-wCfMBCBq2bh10zjg.jpg,2,interior
rMZ5AisaALEpTX_O3BwaUw.jpg,2,interior
Kbc5nFnHev_jhu3uUqRtcg.jpg,2,interior
YZFaTRJ-hiOn7086PlD7Hg.jpg,2,interior
ItB_gvvVa8elth2RvgByTg.jpg,0,drink
6tANUMocNU5YfwtKx1MNlw.jpg,2,interior
MWDIAJ23wB5mUhRuWVi7MA.jpg,2,interior
GFM-CmUWeHeI2qqshtqCaQ.jpg,0,drink
ta8dgjZIbCqep0H3w9wecw.jpg,3,outside
4M09qMtkDZ2OHp4q5Tu7ig.jpg,2,interior
PlkEK813Ew9eLprRc6Fq0A.jpg,2,interior
JG4UxjUzSsyvUhqNY5pzLQ.jpg,3,outside
HZe6Wlj8htn341jMV5RxGA.jpg,3,outside
xUQktOE1K8JVpjXAegOTJA.jpg,2,interior
AHLgaM-_iNrgOymHj2cHmA.jpg,2,interior
rrXZb82O9cgZHpoh4LAsFQ.jpg,1,menu
Vh8FxabVzGoZPa-8iuQGGQ.jpg,3,outside
Z2C4iz4dED4OQcmN6KehTw.jpg,0,drink
zCvwpGLhmOlSPstCX_k5-w.jpg,2,interior
3DgY9C7bGCdXDkX8j9UmBA.jpg,3,outside
u1KVryMJjYYq2yTgxFJEug.jpg,2,interior
f-MhocnnP3eRq_-PMjqndQ.jpg,2,interior
VqzPjug_tR5JfdqsM_iQJA.jpg,2,interior
jFuH0_dvcmJJ9h_mF1a3TA.jpg,2,interior
pSa2glf6WCv8gjjA0VKrHw.jpg,2,interior
dxMy0BEkfJU2X61_et_F2A.jpg,2,interior
gLNWCMdt_UeK__0lXgySNw.jpg,2,interior
PN0zahS1M7Jley223TvmJg.jpg,2,interior
WShc7EzXDoHYhmpJNgLmRg.jpg,2,interior
Xe_62f4Vm6ePPN0XInsMRg.jpg,2,interior
osO6mC5kAqE1pNo00NpjbA.jpg,2,interior
MAYcLp7k7RwGJlJLiLAwpw.jpg,2,interior
Z0Mh7QbIZAHH3zLTp3sGdw.jpg,2,interior
2Nuy8kSnk6PGf80guZgRfQ.jpg,0,drink
Pgrr9syR1jzplwCn8lkxMw.jpg,2,interior
hk-TQpIq6OESaw5AwkNx1g.jpg,2,interior
LFsir4mlEeI7JtgdZOOzhg.jpg,2,interior
yUGFxgxSoJux_dtIUFP_pA.jpg,2,interior
8O57MKaCCXf1Eh0egoO2tg.jpg,2,interior
N7BD_IuqSk9rmux4sDniKA.jpg,2,interior
EL2Rs5VtEcyMLm0jphaRqQ.jpg,2,interior
leWuVTdD1mphdf6kOSApNg.jpg,2,interior
uhojbk7t3EmdZ-BQ1DcbEg.jpg,2,interior
5Tt5kD5XeG02qUh71lgqOQ.jpg,0,drink
VWkJ7dzoAgv4TS9Mif-EGg.jpg,2,interior
vQRaUbFO_xhMdPXXDtX70A.jpg,2,interior
b9uEMyfOAJp8tMg9LUN3xg.jpg,2,interior
qIS8qQCmJ-Expx16IRlIoA.jpg,3,outside
jYuG9q-6XNjYpB28D7_gAQ.jpg,2,interior
1bB2oo1JFqPSla5PoBLwsQ.jpg,2,interior
B0e0P2y_YQK3ZQtDt4-Ywg.jpg,2,interior
PMMvypgYPEOPwVhTXr8ETQ.jpg,2,interior
CmnSZvc4CGlJwE21VaWycg.jpg,2,interior
LTNCE9oPWupm61PFMTxARA.jpg,4,food
H81FoyaT-VzUbt2X2hYjzA.jpg,3,outside
byVRqbKEhGonlQlcj_niHQ.jpg,3,outside
RPyApZIyzmY4UrDchCkbCQ.jpg,0,drink
fcK8BGeOdKIqFMN6LhclSw.jpg,2,interior
YKXz5nEOoeYOVnLnzPrlcg.jpg,2,interior
K0rfzOFxGAAeuYdgxfri9Q.jpg,2,interior
RLZdazz1Y0St-DWSgtb2yQ.jpg,2,interior
7twTPzbaUrAz4Q9gkeI0sA.jpg,3,outside
9miMVF47mL09AkBIanAIvw.jpg,2,interior
M2RYvG8GDcZzL4ZgVkPK4w.jpg,3,outside
PJ7I8iPmpNMRE71swr9xAg.jpg,2,interior
pCcH0AIDlc_XiHgRB5wEFg.jpg,2,interior
ucSp1pS9ikLgB6mMcNgBXw.jpg,2,interior
IkQXmC5uvuvks5Ur3JiBiQ.jpg,2,interior
DduGTj2HrnZriEqC2eofvA.jpg,4,food
waW9A2gq_gPN3thRMlWBzg.jpg,2,interior
mVbPxmGayZ0j4U8iIqYbFA.jpg,2,interior
4p_vO2hte8GWfy560Ldu1A.jpg,2,interior
aDboddujF2f3uQo5EPKlsQ.jpg,2,interior
79k_OPrA4KrGV16529rRlg.jpg,2,interior
cBMJ_huUK5Ds-A66aCaavQ.jpg,2,interior
e2tcIf5HuaKwk12ach3sXQ.jpg,3,outside
WMx6-YmgrYFAe1eZGRxJPg.jpg,2,interior
Pxmj9jP84eHtd8Ibzh9jZA.jpg,2,interior
L57wB27SRmBs4bIEd689qA.jpg,2,interior
Pb4VQh6xv5mKULND--FsaA.jpg,2,interior
ulZAhHjR21ryo3p7oKiFDA.jpg,2,interior
HwS5Z6L-CZT93IazJAB-QQ.jpg,0,drink
aznCAV9clu3je6--BgPNpw.jpg,2,interior
L3NhtVq3kdzyvBqO9i_6tw.jpg,2,interior
shPv3JNAKk7If4PFZLAj9Q.jpg,3,outside
ZzqOeQoZVIXr-IQLRqcf7g.jpg,2,interior
ylnkPKA_79PKzj3F1btC_g.jpg,2,interior
h-qa67fOXQwSH3MLo7IfMQ.jpg,2,interior
_gBxP7slP4Nrj4CvMFtb5Q.jpg,2,interior
xcBWfToABBjCdUagzr-Ecg.jpg,2,interior
hJNVCwIHOiQ8RanYDrQrKA.jpg,2,interior
Fbef9pmH7lHHjZL40sP_iA.jpg,2,interior
vm0jFiJ9HpkalmCwzh7IbA.jpg,2,interior
mQI9w6-_Hm8wCW0P48O4bQ.jpg,2,interior
eBQcxu0A2QnLilBYDgNE_g.jpg,2,interior
QCMEECf_TTRxhAgBka6ZQQ.jpg,4,food
oyn67hz-lDhSRDdSETFjtQ.jpg,2,interior
3F07-fyOagkx7gtlXj79EQ.jpg,2,interior
x3PhhjOGA0RXIzaAlis6xQ.jpg,3,outside
wKGDOZo861Lz9TLFfABDRw.jpg,0,drink
-OBSnxsR6ixIaXs27jGmDQ.jpg,2,interior
o8pG9VBnMXR-_axJ7zHycg.jpg,2,interior
0vvZUqzjgMnDexntNAFQbQ.jpg,2,interior
HVF7LTl_8cgh42d6BzwchQ.jpg,0,drink
qfTqcvPEESaWJPScuFSkWQ.jpg,2,interior
eAcHplhnK8qnAhPCSy9KwQ.jpg,2,interior
SsJ-QOfSPyuKgqjZCDnKSQ.jpg,0,drink
WkZTEl9F6hUOqa_Yu_-q1g.jpg,2,interior
5EsoQ5kQEm4w1HkzDGIlmQ.jpg,2,interior
CVAflDk8thbh3i3TOoqWVA.jpg,2,interior
KFZmCvhsQVJK1RTZ9JTXMg.jpg,4,food
raRFewLK5b0hPwcDkYV0PQ.jpg,2,interior
XqvhAdg_RNNNXFk7R1afmA.jpg,3,outside
iFrKyLNbxibeZv_TmhSgJg.jpg,3,outside
Q6wcyzdMxF6TceoWuz8vhw.jpg,2,interior
kJ0pJGUSYvxO8hCVn-r6kw.jpg,2,interior
IHR9t03BddVBM5u_2bx7pQ.jpg,2,interior
M0tDGVFu-GqalbwqAFj0SA.jpg,2,interior
FLOyH7q_bwKOgX4kqVf3lg.jpg,2,interior
6oEmK3TRJgzvguqHGyXpdA.jpg,2,interior
rE0_PZ8tP850I9q6LwNORg.jpg,3,outside
9S0xc7R5itqeG_fD32ANig.jpg,0,drink
WtplQ5a67QzIiOybJDsJew.jpg,2,interior
jGY3KGGY7LEeJnXfxLUXQw.jpg,1,menu
c-5ZFeig28iGkHxQv_M1wA.jpg,2,interior
DxyZ1jnDdprzO34JzrdpxQ.jpg,2,interior
IYSalkan-g8Scje2enxPJQ.jpg,0,drink
LlEp_gd_V_zhkEOBhq0nHA.jpg,2,interior
QU7FagfJG5sAtD-aTJASlg.jpg,2,interior
ykMJnFqrQFWU8Ox6NLRokA.jpg,2,interior
A6zoyGOj47TLspvY9RokJQ.jpg,2,interior
kHqpQV9WrG5j7LcThHK47g.jpg,0,drink
dXRDSIQf-wTylXECizLrJQ.jpg,0,drink
fhgy9JqRhhnkxjLOfi47gQ.jpg,2,interior
mS1OpVPsgisVW_IDy9HGbw.jpg,2,interior
vL1h5yN_cYWSfUlvTVvGtA.jpg,2,interior
iYkrSkFotv8kwiNDxlJ3mw.jpg,2,interior
J_DlLVvZSZgE6H7_qTcAAg.jpg,2,interior
En76xurcY7si25LQSfxcGA.jpg,0,drink
1YhII8eobvrfP9bWrDIHBg.jpg,2,interior
Vod6Juz7eqG-ooHKriR7Ng.jpg,2,interior
F9VFlulbfviYGCMCgK-QZw.jpg,1,menu
aY3KfCe5vG-uyuWW7TnxQg.jpg,1,menu
6yFddL_9I0g1O_WnWfuLJA.jpg,0,drink
n24TQBRwiMl5BpVYpLt-7g.jpg,2,interior
XtQH8j0eSkKPPwdkw-DT-Q.jpg,4,food
JolOBTwd1A1--pFNBt4pgw.jpg,2,interior
OhTSKL7sHvl1T6E0_Ux6RQ.jpg,3,outside
oXuxank0BowNDS1lW2QjgQ.jpg,0,drink
Z0vAnWEB4wHkmo-EH01bbw.jpg,2,interior
zXFaulor-eBQlS1Y2yn9VA.jpg,2,interior
FCIHZIjHa6H783ESIaX04Q.jpg,2,interior
vaXy6fgk9fxlvy80rwFIAg.jpg,2,interior
sETeW5lcl2MDbHCo8Hu55Q.jpg,2,interior
KIvyCKIu6Go2zPKXrpB89A.jpg,2,interior
2x3WErnu_gksJ0VUfs1Nzw.jpg,2,interior
LMvTjRABNdsRR2PDYVwawA.jpg,2,interior
-gdUmvQFv5HGwmBldZOPAg.jpg,1,menu
HQWbEavYhQNHBRKUetiVFQ.jpg,2,interior
Jt12i4W_HiZX_d1EBzcN5w.jpg,2,interior
OFmFhkJJTlM_XR3fcNPVzQ.jpg,2,interior
4qK9oBArE_gtb92vivwe0g.jpg,2,interior
H7x3vhK3pTCkbPc3ht8cTQ.jpg,0,drink
PveEtvOP6fLhqZ9FLFwN0Q.jpg,2,interior
2ISH5ly9kYrwBtEf2zyT0A.jpg,2,interior
QNo8nZNYkbo8TKx1d0eLIg.jpg,2,interior
DTEfS9BERzzBW7PkfW2kmA.jpg,2,interior
5eTBZzQVOz8CmHmvE0QAFA.jpg,0,drink
QlaNB8sgkvTAsXj1haGrLQ.jpg,2,interior
_MIKxKWlFxJBOA7ZIVSleg.jpg,4,food
3EB2ZOhugCC5qs5CN7O35A.jpg,2,interior
y-ln-TYu0ksjqWY1Nfkylg.jpg,2,interior
Cl6vQuoNMyxbISs_p5Ft9w.jpg,0,drink
b97VByGQGjP5HfVQIOS_SA.jpg,2,interior
XLuzTEW2JARCSfkv5F5wXw.jpg,2,interior
lWz5_sE8WuYIJXhkLxE6Zw.jpg,2,interior
w4NqAvSV8Q4dHZn-0qRnnQ.jpg,2,interior
88vjB5LqusldbUsgdeL8pw.jpg,2,interior
6hlhJo-9enmPv6I6hJeeyQ.jpg,0,drink
J2elVmxaEZxrMqiYABoqeg.jpg,4,food
TNpz0j-BSkDNpKUoo8jH0g.jpg,2,interior
h7EuIeZKvDppB4yjDrbFIg.jpg,2,interior
S7mdV9vULAEnhd5fpG6jfQ.jpg,2,interior
wVzH8d45IwVQW6G8Td6xZQ.jpg,2,interior
PGxgZVqgaFTqSwCmRUwOxg.jpg,2,interior
25TFAXvQAWFUvzPsXG9s-A.jpg,4,food
rdTcfqOqkYVaMXS6f6qijg.jpg,2,interior
VFU6-MXcPA_pp1VvJdjA-Q.jpg,2,interior
lVXSqfPfVb1f5-RRXzQbPQ.jpg,2,interior
P2mpBmIgvU0H1ec18fgB1Q.jpg,3,outside
qfzhFP3DHiHP0CXKRv07Kg.jpg,2,interior
rxJpBJF1D8pskWumZHi_tg.jpg,2,interior
r7l5ZKkq85eJj-BYfNvy5A.jpg,2,interior
1WkBaZqVxo5QPCs53g6DoA.jpg,2,interior
a-du4KnQFrWqy0DC8DZlhg.jpg,3,outside
uLj1m-dDc7gowSTV2jJoOQ.jpg,2,interior
zfOZ3Jz-277X-ywoMF0-hg.jpg,2,interior
wwTWBCJcX9CMdn63cPHb_Q.jpg,4,food
SRdSYNEiv7W942RY6r2bGA.jpg,2,interior
ss2nVzn0txnRVJIZkyJq2w.jpg,2,interior
HpR8Q83hbr13WNm8jFRY-A.jpg,0,drink
m2m75a09ocDHJOVoR1OYeQ.jpg,2,interior
ARWyg-s_Com8K9RaMYxrKA.jpg,2,interior
5U56D0yWKYERi16v5jNR2A.jpg,2,interior
0cQX_wgStSlHj4BjNvycIg.jpg,2,interior
_8pb-VVDo9eBr-D1QxigYg.jpg,2,interior
RimBABX_knQeNU61SbDs5A.jpg,2,interior
AEIvrEXeCc3F3z4IeH4TvQ.jpg,2,interior
Cz2ypHbdwjV3nF6uPzmKoA.jpg,0,drink
jTbjbCRT-VhzXYVW8KVmrQ.jpg,2,interior
w3h9dWbOQd5qR-jkfIpqKQ.jpg,3,outside
3dTPC8MUOtJo7fZRmB0eeg.jpg,2,interior
fvJYRCgOg1CTmkdh7ewUQw.jpg,2,interior
u_YeDg1LrZ1VIE09xZuWNg.jpg,0,drink
BAhKWXCBu28-HxSo_x2OHQ.jpg,0,drink
Bk9zGHwj3hfnvJ4Ng79j2Q.jpg,2,interior
EWppW_vHn8VS1Y9gAPM5Sg.jpg,2,interior
Aw8w4sWiSqeN9FX7Dt1gcA.jpg,2,interior
FKtXLaozR3WYIYFlSnujwQ.jpg,0,drink
zhGxlBai6kvxugsW0yZf1g.jpg,2,interior
lkBdAG14lFR_NPh6lhnqdw.jpg,4,food
xprqmScqWLl_NJDknxBD_g.jpg,2,interior
-88nBXsSYRYXyChtHhfJ1A.jpg,2,interior
zVEAUNuLc1jJ3pn7HeEzaQ.jpg,2,interior
Sfp3p8MDpLsw4wMffGmxZg.jpg,1,menu
-K_gmsZKVGG9qxOjLOvK3w.jpg,2,interior
g51fB6f7hO3CLepERFzb2Q.jpg,3,outside
RpK12ipirg9CSMhFf68JEQ.jpg,2,interior
TwT4HHfY1AK7UaHIWMMziA.jpg,0,drink
eu49LW3rLNURogDacYVcqg.jpg,2,interior
XvJGgdGOE5I-RtHMkc5Fyw.jpg,2,interior
o_uH-Oh3t3mjD1H215J7KQ.jpg,2,interior
_9Yvae46BRrK0e8YaVP8Jg.jpg,4,food
oUeiNTin6C83HLj7otWZiA.jpg,0,drink
Ia-ctVWXHMEqqZKMQPPzFQ.jpg,3,outside
pmMtAhLAT95oaoa3y5ZvAw.jpg,2,interior
448XbZImJDdpI8y8sKtUog.jpg,2,interior
cwGyXMss1Vs5z-xaWMsxTw.jpg,2,interior
Md5hAyUyX2Hgf7IH-AXCxQ.jpg,2,interior
_mTQoCPmlwlJA6RlbHpQDw.jpg,0,drink
BMudyiAbX6jbqsIyHM-N1Q.jpg,2,interior
PtdR3O8B_0I2LawqhGwmBw.jpg,2,interior
sFoolsu8uwrIbMER4wO27A.jpg,2,interior
VpnFKSqgBDMhnq6KmZK35A.jpg,2,interior
DjJsZhqdQZtC9IAB-TIQlg.jpg,0,drink
4VDoIkBE9WLbpKMKZklhBg.jpg,0,drink
e6dna_PHm-9DI3lmsX9lbQ.jpg,2,interior
wvUJOxUgB-V4XiIHwPP8Jw.jpg,2,interior
tcbQYJl-kEDWs-N2f2USPw.jpg,0,drink
X_LyU6gJXNKsoBGI_VRaow.jpg,2,interior
amz3wPhTnaXezkf_n0y56w.jpg,2,interior
B2dMAgtN5JyTIsG--91Ohw.jpg,2,interior
QDotaWDOMjQNi-vKzyF1yQ.jpg,0,drink
Ph7eb3v70YL63SrR2wEszQ.jpg,2,interior
vkC8U7W2ifR_hMUcIhCzjA.jpg,2,interior
13oK_5VoKQXXUGw0K2Veow.jpg,2,interior
_p6qS1m9-_DpnovbZqKR1A.jpg,2,interior
UYJqHw0BFB0P18gaz4FASQ.jpg,0,drink
zCvrIWOIjfh5pkVUy5eRKw.jpg,2,interior
WttTaF0PLgrwytyc0z8Xwg.jpg,2,interior
-ByxC78rz3OLQFek0X7fnQ.jpg,2,interior
HT_W6V_xC4_z8OvEB0nVDQ.jpg,2,interior
TvYAiiRgsrDo-0wKe2qXkw.jpg,2,interior
6PgnkjBb-9QRWWThgcJzxA.jpg,2,interior
9VMIA9EF2Lqjp36HZzhWlQ.jpg,2,interior
vh_8sGtEVTTUx_agvZoCOQ.jpg,2,interior
YTtnZj8n-9qGTjZ8TGrQBg.jpg,2,interior
P8Xjyt0yjGRzr64APJ_dMw.jpg,2,interior
xkLYdVymR4jV9FUmQlBuVg.jpg,2,interior
SkCVAClHinXwiR9FzWW2RA.jpg,2,interior
jYCRUWFN93qu_7-Q91iX2A.jpg,0,drink
J-G3aBS99fohLl5WE9SjzQ.jpg,0,drink
wVbVXF3IQL1l_I2--1IOzw.jpg,4,food
le5bbHcrpbFNwQsDR_pWVg.jpg,3,outside
Xypv3oISiBMUHsZnafozVA.jpg,2,interior
9P8dodFgi0BzJL0LaVJ6HQ.jpg,2,interior
gBhHgPRzZCg_7lrw-ERLSQ.jpg,2,interior
GB-aKStjhVgynA4KLUkICA.jpg,2,interior
7wsJEGRRy2rp-dXVII52ng.jpg,0,drink
s4RL3JCFznJd1nc4zwvpqQ.jpg,2,interior
naz7b250ZfL0cemHU8-ELA.jpg,2,interior
0VUNEphww_hv0wG9AKOjjw.jpg,2,interior
NACMTUgGQcu4fqQQLjDX2g.jpg,2,interior
q97KGFMZ2tA5heLYCTlIrQ.jpg,2,interior
3IwD5m3GMlVnBLvrSmLJQA.jpg,2,interior
kYI9qx0yIqpnXGrQk2RTGg.jpg,2,interior
MBpf7P6nnMvnTNO2hpIYrQ.jpg,2,interior
P9cVs7lPduBZ5O_62ifbMg.jpg,3,outside
8Kp7FIKSiA1C8zTbcGkxsQ.jpg,2,interior
_glCb3G9LfINPvizrhknMw.jpg,2,interior
OAywRqmJn2TU89OnCeh8Bg.jpg,2,interior
OJmBvmhA3k_i2l4U2LqcOA.jpg,2,interior
VdVkDJa1fCMmNqEI5p6sEA.jpg,2,interior
eSbJs8WZN3YKxVKfnqgGfQ.jpg,2,interior
RcWPt2PrR2I5ojBU-SWSAQ.jpg,2,interior
SSQ65Hroxi-K2khxZ7Ifkw.jpg,2,interior
knjgAnh_--IdyT2V5g7Gpg.jpg,3,outside
aHgdxlnkP_1ApBP4IFHHhg.jpg,2,interior
Lm3z157i2X-nz3klKvKA9Q.jpg,2,interior
NqpzSqhrnCR3iFBoUqn07w.jpg,2,interior
3IkaNlzArrhY99JcgKzqJA.jpg,2,interior
gpATte-Sxl_mhR0BVCYMaA.jpg,2,interior
HSNVqLlKYIjQRsngWYJA3Q.jpg,2,interior
u00tPxwImSFg31PxwJtwVw.jpg,2,interior
CKQ93rFzxAmHtWN7XMEBuQ.jpg,2,interior
WU8oyipnHmO3QIstpqkOHg.jpg,2,interior
dc5vW94rcoewD4qMJitNqw.jpg,0,drink
_5iYS4fUZEsla4Kl-RzEww.jpg,2,interior
VIfVH3FPTjZgC6Rl2Lc6og.jpg,2,interior
eINhps1wKd4f-lcflojh9A.jpg,2,interior
SVd5hFKxbM4rF_qECNSWVA.jpg,2,interior
J4X1kBqVHmlbC1Lgs94rKw.jpg,2,interior
9b-m5jcrmyly5lPV3wQEVw.jpg,2,interior
qhgOqOEciN1BmpFms2InDA.jpg,0,drink
bmw6Bzz33v1CEBzezjlDwA.jpg,2,interior
KGnFSKPTPaHEN3i9k2xHEg.jpg,2,interior
Cr-J2eG0rENaBqfiXJxZpw.jpg,2,interior
J-6AYrPrOk0SWzeFa1zLRg.jpg,0,drink
TjRP6mq7uIl9TAtqvF08Fw.jpg,2,interior
yIy27RBKjAhhLC1xrduEzg.jpg,2,interior
Wj4dnpNW4rCon83hwqFd5Q.jpg,2,interior
cfOs9Dr5-mhEFtFUZqrZtw.jpg,4,food
i-8VimXo5zjh1r7EK6O_sQ.jpg,2,interior
Bypu71ZQVYe1nMXGas2i9Q.jpg,2,interior
LwS0ENa0_tMSh7tGGXQA2A.jpg,2,interior
EqQJs1KstwqgfFcKo4VOzQ.jpg,2,interior
jNCxKh9HWqftc4XW7Uv3Bg.jpg,2,interior
0HQBiOSbs0v3Z2miZvWm7A.jpg,2,interior
mz57yXcVE4g32W7UuaUIQA.jpg,0,drink
TbyfSlEc45NGH-c2LxBgsg.jpg,2,interior
3mCg7Bh0u37WHNZclEFeyg.jpg,2,interior
w8p1cpRO0b167R4mauXiQQ.jpg,2,interior
intol64X4_xBMmuQEary1A.jpg,2,interior
